Crs & Sec,CRN,Title,Cred,Days,Time,Room,Instructor,Notes,Grad. Reqs.,Seats Left
AFR-101-A,20001,Intro to Africana Studies,1,MWF,3:30 PM - 4:20 PM,CHAM 2187,Villarroel Lamoza F,,,25
AFR-200-A,20631,Research Methods,1,TR,9:40 AM - 10:55 AM,CHAM 1086,Harper-Shipman T,,,25
AFR-222-A,20586,"Race, Policing, and Justice",1,TR,1:40 PM - 2:55 PM,CUNN 109,Wooten T,,,25
AFR-224-A,20002,Race and Campus Histories,1,TR,12:15 PM - 1:30 PM,CHAM 1006,Green H,,,25
AFR-234-A,20003,"Race, Gender, and Tourism ",1,MW,2:30 PM - 3:45 PM,CHAM 3209,Gill-Sadler R,,,25
AFR-246-A,20004,Black Sexual Geographies,1,TR,3:05 PM - 4:20 PM,CUNN 109,Wooten T,,,25
AFR-255-A,20005,Approaches to African Art,1,MWF,12:30 PM - 1:20 PM,CHAM 2187,Villarroel Lamoza F,,,25
AFR-269-A,20006,Race and Homelessness,1,W,1:30 PM - 4:20 PM,SLOAN 201,Wooten T,,,25
AFR-279-A,20612,Empire & American Culture,1,MWF,10:30 AM - 11:20 AM,CHAM 2068,Gill-Sadler R,,,25
AFR-303-A,20007,W. E. B. Du Bois at Large,1,TR,8:15 AM - 9:30 AM,CHAM 3187,Green H,,,25
AFR-330-A,20008,Decolonizing Develop in Africa,1,T,1:40 PM - 4:20 PM,CHAM 1006,Harper-Shipman T,,,25
AFR-336-A,20611,Politics of Joy,1,W,1:30 PM - 4:20 PM,CUNN 111,Castaneda V,,,25
AFR-495-A,20633,Africana Capstone,1,,,,Harper-Shipman T,,,25
AFR-498-A,20699,Listening at the Margins,1,,,,Green H,,,25
ANT-210-A,20012,Maroon Societies,1,TR,12:15 PM - 1:30 PM,CHAM 2068,Brown B,,,25
ANT-234-A,20013,Urban Africa/Popular Culture,1,TR,1:40 PM - 2:55 PM,CHAM HANCE,Bowles L; Wiemers A,,,25
ANT-261-A,20564,"Science, Policy, and Society",1,MWF,10:30 AM - 11:20 AM,CUNN 109,Lozada F,,,25
ANT-263-A,20014,Racial Justice Seminar ,1,TR,9:40 AM - 10:55 AM,DANA 153,Bowles L,,,25
ANT-273-A,20015,Bioarchaeology,1,MWF,9:30 AM - 10:20 AM,CHAM 2198,Cho H,,,25
ANT-283-A,20016,Spec Topics in ANT: Folklore,1,MWF,9:30 AM - 10:20 AM,CHAM 3155,Samson M,,,25
ANT-327-A,20017,Religion in Latin America,1,MW,2:30 PM - 3:45 PM,CHAM 1096,Samson M,,,25
ANT-373-A,20018,Decolonizing Anthro Theory,1,TR,3:05 PM - 4:20 PM,CHAM 3106,Brown B,,,25
ANT-374-A,20019,Methods in Forensic Anthro,1,F,1:30 PM - 4:20 PM,CHAM 2196,Cho H,,,25
ANT-378-A,20020,Artifacts and Archives,1,W,1:30 PM - 4:20 PM,CHAM B022,Brown B,,,25
ANT-398-A,20802,Housing & Gentrification,1,,,,Bowles L,,,25
ANT-499-A,20801,Honors Thesis,1,,,,Bowles L,,,25
ARB-102-A,20021,Elementary Arabic II,1,MWF,10:30 AM - 11:20 AM,CHAM 3234,Joubin R,"[{""code"":""PRQ"",""description"":""There is a prerequisite for the course; see catalog""}]",,25
ARB-202-A,20024,Intermediate Arabic II,1,MWF,9:30 AM - 10:20 AM,CHAM 3234,Joubin R,"[{""code"":""PRQ"",""description"":""There is a prerequisite for the course; see catalog""}]",,25
ARB-295-A,20784,Politics Through NA Media,1,,,,Joubin R,,,25
ARB-394-A,20731,Arabic Media & Politics,1,,,,Joubin R,,,25
ARB-395-A,20663,Arabic and Education,1,,,,Joubin R,,,25
ARB-395-C,20695, Politics Through Satire,1,,,,Joubin R,,,25
ARB-396-A,20659,Arab Diasporic Politics,1,,,,Joubin R,,,25
ARB-396-B,20672,Accelerated Persian,1,,,,Joubin R,,,25
ARB-396-C,20812,Arabic Economics,1,,,,Joubin R,,,25
ARB-396-D,20831,Honor & Shame in Arab Society,1,,,,Joubin R,,,25
ART-101-A,20027,Basic Drawing,1,M,1:30 PM - 4:20 PM,VAC 203,Sahagun L,"[{""code"":""12+"",""description"":""First-years and Sophomores only until first day of class""}]",,25
ART-101-B,20028,Basic Drawing,1,M,1:30 PM - 4:20 PM,VAC 203,Sahagun L,"[{""code"":""34+"",""description"":""Juniors and Seniors only until the first day of class""}]",,25
ART-101-C,20029,Basic Drawing,1,TR,9:40 AM - 10:55 AM,VAC 203,Starr T,"[{""code"":""12+"",""description"":""First-years and Sophomores only until first day of class""}]",,25
ART-101-D,20030,Basic Drawing,1,TR,9:40 AM - 10:55 AM,VAC 203,Starr T,"[{""code"":""34+"",""description"":""Juniors and Seniors only until the first day of class""}]",,25
ART-104-A,20031,Asian Art After 1000,1,TR,12:15 PM - 1:30 PM,VAC 117,Zhang Y,,,25
ART-111-A,20032,Introduction to Digital Art,1,TR,9:40 AM - 10:55 AM,VAC 212,Dietrick J,"[{""code"":""12+"",""description"":""First-years and Sophomores only until first day of class""}]",,25
ART-111-B,20033,Introduction to Digital Art,1,TR,9:40 AM - 10:55 AM,VAC 212,Dietrick J,"[{""code"":""34+"",""description"":""Juniors and Seniors only until the first day of class""}]",,25
ART-203-A,20034,Advanced Painting,1,M,1:30 PM - 4:20 PM,VAC 214,St Clair K,"[{""code"":""PRQ"",""description"":""There is a prerequisite for the course; see catalog""}]",,25
ART-205-A,20035,Advanced Printmaking,1,TR,12:15 PM - 1:30 PM,VAC 104,Starr T,"[{""code"":""PRQ"",""description"":""There is a prerequisite for the course; see catalog""}]",,25
ART-211-A,20037,Advanced Digital Art,1,TR,12:15 PM - 1:30 PM,VAC 212,Dietrick J,"[{""code"":""PRQ"",""description"":""There is a prerequisite for the course; see catalog""}]",,25
ART-233-A,20587,The Arts Along the Silk Roads,1,MW,2:30 PM - 3:45 PM,VAC 117,Zhang Y,,,25
ART-248-A,20039,From Agra to Istanbul,1,TR,1:40 PM - 2:55 PM,VAC 117,Halsted L,,,25
ART-300-A,20040,Critical Theory for Vis. Stud,1,MWF,8:30 AM - 9:20 AM,VAC 108,Corso-Esquivel J,,,25
ART-301-A,20041,Topics in Sculpture,1,W,1:30 PM - 4:20 PM,VAC 106,Sahagun L,,,25
ART-301-B,20625,Topics in Sculpture,1,T,1:40 PM - 4:20 PM,VAC 106,Sahagun L,,,25
ART-348-A,20042,Buying and Collecting Art,1,TR,3:05 PM - 4:20 PM,VAC 108,Halsted L; Newman L,"[{""code"":""PRQ"",""description"":""There is a prerequisite for the course; see catalog""}]",,25
ART-390-A,20806,Independent Study,1,,,,Corso-Esquivel J,,,25
ART-390-B,20807,20th Century Art,1,,,,Corso-Esquivel J,,,25
ART-390-C,20854,Sasanian Art,1,,,,Halsted L,,,25
ART-391-B,20835,Material Study,1,,,,St Clair K,,,25
ART-391-C,20836,"Water, Ice, Paint",1,,,,St Clair K,,,25
ART-391-D,20852,Independent Study,1,,,,Sahagun L,,,25
ART-391-E,20853,Botanical Art in 21st Century,1,,,,Dietrick J,,,25
ART-393-A,20809,Senior Exhibition,1,,,,Dietrick J,,,25
ART-397-A,20043,Junior Advanced Study,1,W,1:30 PM - 4:20 PM,VAC 223,St Clair K,"[{""code"":""PRQ"",""description"":""There is a prerequisite for the course; see catalog""}]",,25
ART-496-A,20044,Senior Honors Thesis,1,MW,8:05 AM - 9:20 AM,VAC 117,Zhang Y,"[{""code"":""PRQ"",""description"":""There is a prerequisite for the course; see catalog""}]",,25
BIO-105-A,20045,Biology for Life +Lab,1,T,8:15 AM - 10:55 AM,WALL 149,Charifson D,,,25
BIO-105-B,20046,Biology for Life +Lab,1,T,1:40 PM - 4:20 PM,WALL 149,Charifson D,,,25
BIO-115-A,20047,"Molecules, Genes, & Cells +Lab",1,T,8:15 AM - 10:55 AM,WALL 104,Smith A,,,25
BIO-115-B,20048,"Molecules, Genes, & Cells +Lab",1,T,1:40 PM - 4:20 PM,WALL 104,Smith A,,,25
BIO-115-C,20049,"Molecules, Genes, & Cells +Lab",1,W,8:30 AM - 11:20 AM,WALL 104,Rosemond S,,,25
BIO-115-D,20050,"Molecules, Genes, & Cells +Lab",1,W,1:30 PM - 4:20 PM,WALL 104,Rosemond S,,,25
BIO-115-E,20051,"Molecules, Genes, & Cells +Lab",1,R,8:15 AM - 10:55 AM,WALL 104,El Bejjani R,,,25
BIO-115-F,20052,"Molecules, Genes, & Cells +Lab",1,R,1:40 PM - 4:20 PM,WALL 104,El Bejjani R,,,25
BIO-116-A,20536,"Evolution,Physiol,Ecology +Lab",1,M,1:30 PM - 4:20 PM,WALL 245,Levasseur K,"[{""code"":""B-III"",""description"":""Not open to students with credit for BIO 112/114""}]",,25
BIO-116-B,20537,"Evolution,Physiol,Ecology +Lab",1,T,1:40 PM - 4:20 PM,WALL 245,Levasseur K,"[{""code"":""B-III"",""description"":""Not open to students with credit for BIO 112/114""}]",,25
BIO-116-C,20053,"Evolution,Physiol,Ecology +Lab",1,T,8:15 AM - 10:55 AM,WALL 245,Wadgymar S,"[{""code"":""B-III"",""description"":""Not open to students with credit for BIO 112/114""}]",,25
BIO-116-D,20538,"Evolution,Physiol,Ecology +Lab",1,R,8:15 AM - 10:55 AM,WALL 245,Wadgymar S,"[{""code"":""B-III"",""description"":""Not open to students with credit for BIO 112/114""}]",,25
BIO-116-E,20539,"Evolution,Physiol,Ecology +Lab",1,W,1:30 PM - 4:20 PM,WALL 245,Paradise C,"[{""code"":""B-III"",""description"":""Not open to students with credit for BIO 112/114""}]",,25
BIO-116-F,20540,"Evolution,Physiol,Ecology +Lab",1,R,1:40 PM - 4:20 PM,WALL 245,Paradise C,"[{""code"":""B-III"",""description"":""Not open to students with credit for BIO 112/114""}]",,25
BIO-201-A,20056,Genetics +Lab,1,T,8:15 AM - 10:55 AM,WALL 316,Hales K,"[{""code"":""PRQ"",""description"":""There is a prerequisite for the course; see catalog""}]",,25
BIO-201-B,20057,Genetics +Lab,1,T,1:40 PM - 4:20 PM,WALL 316,Hales K,"[{""code"":""PRQ"",""description"":""There is a prerequisite for the course; see catalog""}]",,25
BIO-202-A,20058,Microbiology +Lab,1,T,1:40 PM - 4:20 PM,WALL 218,Wessner D,"[{""code"":""PRQ"",""description"":""There is a prerequisite for the course; see catalog""}]",,25
BIO-202-B,20059,Microbiology +Lab,1,W,1:30 PM - 4:20 PM,WALL 218,Wessner D,"[{""code"":""PRQ"",""description"":""There is a prerequisite for the course; see catalog""}]",,25
BIO-218-A,20060,Human Form and Function +Lab,1,M,1:30 PM - 4:20 PM,WALL 118,Mamoon N,"[{""code"":""DO"",""description"":""Participating in the Day One course materials program pilot. Visit the College Store's Help Center for more information.""},{""code"":""PRQ"",""description"":""There is a prerequisite for the course; see catalog""}]",,25
BIO-218-B,20061,Human Form and Function +Lab,1,T,1:40 PM - 4:20 PM,WALL 118,Mamoon N,"[{""code"":""DO"",""description"":""Participating in the Day One course materials program pilot. Visit the College Store's Help Center for more information.""},{""code"":""PRQ"",""description"":""There is a prerequisite for the course; see catalog""}]",,25
BIO-220-A,20062,Compar Neuroendocrinology +Lab,1,W,1:30 PM - 4:20 PM,WALL 143,Baran N,"[{""code"":""PRQ"",""description"":""There is a prerequisite for the course; see catalog""}]",,25
BIO-220-B,20063,Compar Neuroendocrinology +Lab,1,R,1:40 PM - 4:20 PM,WALL 143,Baran N,"[{""code"":""PRQ"",""description"":""There is a prerequisite for the course; see catalog""}]",,25
BIO-221-A,20064,Evolutionary Biology +Lab,1,R,1:40 PM - 4:20 PM,WALL 328,Yong L,"[{""code"":""PRQ"",""description"":""There is a prerequisite for the course; see catalog""}]",,25
BIO-221-B,20065,Evolutionary Biology +Lab,1,W,1:30 PM - 4:20 PM,WALL 328,Yong L,"[{""code"":""PRQ"",""description"":""There is a prerequisite for the course; see catalog""}]",,25
BIO-223-A,20066,Animal Behavior +Lab,1,W,1:30 PM - 4:20 PM,WALL 149,Villa S,"[{""code"":""PRQ"",""description"":""There is a prerequisite for the course; see catalog""}]",,25
BIO-223-B,20067,Animal Behavior +Lab,1,R,1:40 PM - 4:20 PM,WALL 149,Villa S,"[{""code"":""PRQ"",""description"":""There is a prerequisite for the course; see catalog""}]",,25
BIO-229-A,20068,Parasites and Pathogens,1,TR,9:40 AM - 10:55 AM,SLOAN 100,Villa S,"[{""code"":""PRQ"",""description"":""There is a prerequisite for the course; see catalog""}]",,25
BIO-234-A,20069,Marine Biology,1,MWF,1:30 PM - 2:20 PM,WALL 210,Charifson D,"[{""code"":""PRQ"",""description"":""There is a prerequisite for the course; see catalog""}]",,25
BIO-240-A,20070,Biostats for Life Scientists,1,TR,8:15 AM - 9:30 AM,WALL 106,Smith K,"[{""code"":""PRQ"",""description"":""There is a prerequisite for the course; see catalog""}]",,25
BIO-240-B,20071,Biostats for Life Scientists,1,TR,1:40 PM - 2:55 PM,WALL 106,Smith K,"[{""code"":""PRQ"",""description"":""There is a prerequisite for the course; see catalog""}]",,25
BIO-240-C,20072,Biostats for Life Scientists,1,TR,9:40 AM - 10:55 AM,WALL 380,Levasseur K,"[{""code"":""PRQ"",""description"":""There is a prerequisite for the course; see catalog""}]",,25
BIO-262-A,20073,Antiracist Physiol & Medicine,1,TR,12:15 PM - 1:30 PM,WALL 320,Barsoum M,"[{""code"":""PRQ"",""description"":""There is a prerequisite for the course; see catalog""}]",,25
BIO-269-A,20074,"Genetics, Gender, Disability",1,MW,2:30 PM - 3:45 PM,WALL 243,Hales K,"[{""code"":""PRQ"",""description"":""There is a prerequisite for the course; see catalog""}]",,25
BIO-303-A,20075,Biochemistry +Lab,1,W,1:30 PM - 4:20 PM,WALL 316,Thurtle-Schmidt B,"[{""code"":""PRQ"",""description"":""There is a prerequisite for the course; see catalog""}]",,25
BIO-303-B,20076,Biochemistry +Lab,1,R,1:40 PM - 4:20 PM,WALL 316,Thurtle-Schmidt B,"[{""code"":""PRQ"",""description"":""There is a prerequisite for the course; see catalog""}]",,25
BIO-309-A,20077,Genomics,1,MWF,9:30 AM - 10:20 AM,WALL 210,Thurtle-Schmidt D,"[{""code"":""PRQ"",""description"":""There is a prerequisite for the course; see catalog""}]",,25
BIO-343-A,20079,Laboratory Methods in Genomics,1,TR,9:40 AM - 10:55 AM,WALL B05,Thurtle-Schmidt D,"[{""code"":""PRQ"",""description"":""There is a prerequisite for the course; see catalog""}]",,25
BIO-357-A,20698,"Molec, Cell, Neurobio Research",1,MWF,1:30 PM - 2:20 PM,WALL 243,El Bejjani R,"[{""code"":""PRM"",""description"":""Permission of instructor required""}]",,25
BIO-365-A,20080,Biology of Cancer,1,TR,8:15 AM - 9:30 AM,CHAM 3234,Melonakos J,"[{""code"":""PRQ"",""description"":""There is a prerequisite for the course; see catalog""}]",,25
BIO-365-B,20599,Biology of Cancer,1,TR,9:40 AM - 10:55 AM,CHAM 3234,Melonakos J,"[{""code"":""PRQ"",""description"":""There is a prerequisite for the course; see catalog""}]",,25
BIO-370-A,20783,Directed Reading in Biology,1,,,,Melonakos J,,,25
BIO-370-B,20786,Directed Reading in Biology,1,,,,Mamoon N,,,25
BIO-371-A,20667,Research in Biology I,1,,,,Smith K,,,25
BIO-371-B,20669,Research in Biology I,1,,,,Thurtle-Schmidt B,,,25
BIO-371-C,20691,Research in Biology I,1,,,,Wadgymar S,,,25
BIO-371-D,20703,Research in Biology I,1,,,,Baran N,,,25
BIO-371-E,20706,Research in Biology I,1,,,,Yong L,,,25
BIO-371-F,20709,Research in Biology I,1,,,,Villa S,,,25
BIO-371-G,20713,Research in Biology I,1,,,,Snyder N,,,25
BIO-371-H,20736,Research in Biology I,1,,,,Ramirez J,,,25
BIO-371-I,20755,Research in Biology I,1,,,,Paradise C,,,25
BIO-371-J,20785,Research in Biology I,1,,,,Mamoon N,,,25
BIO-372-A,20670,Research in Biology II,1,,,,Thurtle-Schmidt B,,,25
BIO-372-B,20705,Research in Biology II,1,,,,Smith A,,,25
BIO-372-C,20726,Research in Biology II,1,,,,Villa S,,,25
BIO-372-D,20739,Research in Biology II,1,,,,Levasseur K,,,25
BIO-372-E,20788,Research in Biology II,1,,,,Hales K,,,25
BIO-372-F,20810,Research in Biology II,1,,,,Smith M,,,25
BIO-373-A,20689,Research in Biology III,1,,,,Thurtle-Schmidt D,,,25
BIO-373-B,20690,Research in Biology III,1,,,,Wadgymar S,,,25
BIO-373-C,20704,Research in Biology III,1,,,,Smith A,,,25
BIO-373-D,20787,Research in Biology III,1,,,,Hales K,,,25
BIO-374-A,20737,Research in Biology IV,1,,,,Smith A,,,25
BIO-379-A,20688,Thesis in Biology,1,,,,Thurtle-Schmidt B,,,25
BIO-379-B,20702,Thesis in Biology,1,,,,Baran N,,,25
BIO-379-C,20710,Thesis in Biology,1,,,,Wessner D,,,25
BIO-379-D,20725,Thesis in Biology,1,,,,Melonakos J,,,25
BIO-379-E,20780,Thesis in Biology,1,,,,Smith M,,,25
BIO-379-F,20819,Thesis in Biology,1,,,,Hales K,,,25
BIO-391-A,20600,Maternal & Fetal Health,1,TR,12:15 PM - 1:30 PM,CHAM 2234,Melonakos J,"[{""code"":""PRQ"",""description"":""There is a prerequisite for the course; see catalog""}]",,25
CHE-115-A,20083,Principles of Chemistry +Lab,1,M,1:30 PM - 4:20 PM,WALL 110,White T,,,25
CHE-115-B,20084,Principles of Chemistry +Lab,1,T,1:40 PM - 4:20 PM,WALL 110,White T,,,25
CHE-115-C,20085,Principles of Chemistry +Lab,1,W,1:30 PM - 4:20 PM,WALL 110,El-Zaatari B,"[{""code"":""DO"",""description"":""Participating in the Day One course materials program pilot. Visit the College Store's Help Center for more information.""}]",,25
CHE-115-D,20086,Principles of Chemistry +Lab,1,R,1:40 PM - 4:20 PM,WALL 110,El-Zaatari B,"[{""code"":""DO"",""description"":""Participating in the Day One course materials program pilot. Visit the College Store's Help Center for more information.""}]",,25
CHE-220-A,20087,Intro to Analytical Chem +Lab,1,M,1:30 PM - 4:20 PM,WALL 235,Blauch D,"[{""code"":""PRQ"",""description"":""There is a prerequisite for the course; see catalog""}]",,25
CHE-220-B,20088,Intro to Analytical Chem +Lab,1,T,1:40 PM - 4:20 PM,WALL 235,Blauch D,"[{""code"":""PRQ"",""description"":""There is a prerequisite for the course; see catalog""}]",,25
CHE-230-A,20089,Intro to Biological Chem +Lab,1,M,1:30 PM - 4:20 PM,WALL 335,Myers J,"[{""code"":""PRQ"",""description"":""There is a prerequisite for the course; see catalog""}]",,25
CHE-230-B,20090,Intro to Biological Chem +Lab,1,T,1:40 PM - 4:20 PM,WALL 335,Myers J,"[{""code"":""PRQ"",""description"":""There is a prerequisite for the course; see catalog""}]",,25
CHE-240-A,20091,Intro to Inorganic Chem +Lab,1,W,1:30 PM - 4:20 PM,WALL 235,Anstey M,"[{""code"":""PRQ"",""description"":""There is a prerequisite for the course; see catalog""}]",,25
CHE-240-B,20092,Intro to Inorganic Chem +Lab,1,R,1:40 PM - 4:20 PM,WALL 235,Anstey M,"[{""code"":""PRQ"",""description"":""There is a prerequisite for the course; see catalog""}]",,25
CHE-250-A,20093,Intro to Organic Chem +Lab,1,M,1:30 PM - 4:20 PM,WALL 310,Key H,"[{""code"":""PRQ"",""description"":""There is a prerequisite for the course; see catalog""}]",,25
CHE-250-B,20094,Intro to Organic Chem +Lab,1,T,8:15 AM - 10:55 AM,WALL 310,Key H,"[{""code"":""PRQ"",""description"":""There is a prerequisite for the course; see catalog""}]",,25
CHE-250-C,20095,Intro to Organic Chem +Lab,1,T,1:40 PM - 4:20 PM,WALL 310,Snyder N; Alexander C,"[{""code"":""PRQ"",""description"":""There is a prerequisite for the course; see catalog""}]",,25
CHE-250-D,20096,Intro to Organic Chem +Lab,1,W,1:30 PM - 4:20 PM,WALL 310,Snyder N; Alexander C,"[{""code"":""PRQ"",""description"":""There is a prerequisite for the course; see catalog""}]",,25
CHE-350-A,20097,Experimtl Organic Chem +Lab,1,R,8:15 AM - 10:55 AM,WALL 310,Burde A,"[{""code"":""PRQ"",""description"":""There is a prerequisite for the course; see catalog""}]",,25
CHE-350-B,20098,Experimtl Organic Chem +Lab,1,R,1:40 PM - 4:20 PM,WALL 310,Burde A,"[{""code"":""PRQ"",""description"":""There is a prerequisite for the course; see catalog""}]",,25
CHE-350-C,20099,Experimtl Organic Chem +Lab,1,F,8:30 AM - 11:20 AM,WALL 310,Stevens E,"[{""code"":""PRQ"",""description"":""There is a prerequisite for the course; see catalog""}]",,25
CHE-350-D,20100,Experimtl Organic Chem +Lab,1,F,1:30 PM - 4:20 PM,WALL 310,Stevens E,"[{""code"":""PRQ"",""description"":""There is a prerequisite for the course; see catalog""}]",,25
CHE-360-A,20101,Quantm Chem & Spectroscopy+Lab,1,M,1:30 PM - 4:20 PM,WALL 351,Striplin D,"[{""code"":""PRQ"",""description"":""There is a prerequisite for the course; see catalog""}]",,25
CHE-360-B,20102,Quantm Chem & Spectroscopy+Lab,1,T,1:40 PM - 4:20 PM,WALL 351,Striplin D,"[{""code"":""PRQ"",""description"":""There is a prerequisite for the course; see catalog""}]",,25
CHE-375-A,20103,Organic Spectroscopy,1,MWF,12:30 PM - 1:20 PM,WALL 307,Burde A,"[{""code"":""PRQ"",""description"":""There is a prerequisite for the course; see catalog""}]",,25
CHE-395-H,20764,Literature Investigation,1,,,,Anstey M,,,25
CHE-396-A,20682,Laboratory Research I,1,,,,El-Zaatari B,,,25
CHE-396-B,20685,Lab Research I: Glycoscience,1,,,,Snyder N,,,25
CHE-396-C,20718,Biocatalysis Research,1,,,,Key H,,,25
CHE-396-D,20720,Chemical Ecology Research,1,,,,Key H,,,25
CHE-396-F,20740,Polymer Research,1,,,,El-Zaatari B,,,25
CHE-396-H,20765,Exploring Iron Catalysis II,1,,,,Anstey M,,,25
CHE-396-I,20766,Laboratory Research I,1,,,,Burde A,,,25
CHE-396-J,20822,Energy Research,1,,,,Striplin D,,,25
CHE-396-K,20826,Chemical Ecology Research,1,,,,Key H,,,25
CHE-396-L,20834,Carbon Dioxide Hydrogenation,1,,,,Anstey M,,,25
CHE-396-M,20850,Phosphorus Catalyst Research,1,,,,Anstey M,,,25
CHE-397-A,20679,Lab Research II: Glycoscience,1,,,,Snyder N,,,25
CHE-397-B,20680,Polymer Research,1,,,,El-Zaatari B,,,25
CHE-397-C,20719,Enzyme Engineering Research,1,,,,Key H,,,25
CHE-397-D,20762,Laboratory Research II,1,,,,Burde A,,,25
CHE-397-E,20770,Green Chemistry Research,1,,,,Burde A,,,25
CHE-430-A,20104,Sem in Biological Chemistry,1,TR,12:15 PM - 1:30 PM,CHAM 1096,Key H,"[{""code"":""PRQ"",""description"":""There is a prerequisite for the course; see catalog""},{""code"":""XLST"",""description"":""Cross-listed; see course description for equivalent course (registration may be changed later if needed).""}]",,25
CHE-450-A,20541,Seminar in Organic Chemistry,1,MWF,11:30 AM - 12:20 PM,WALL 307,El-Zaatari B,"[{""code"":""PRQ"",""description"":""There is a prerequisite for the course; see catalog""}]",,25
CHE-495-A,20717,Biocatalysis Research IV,1,,,,Key H,,,25
CHE-496-A,20741,Senior Res. I: Glycoscience,1,,,,Snyder N,,,25
CHE-496-B,20823,Advance Inorganic Research,1,,,,Anstey M,,,25
CHE-497-A,20681,Senior Research II,1,,,,El-Zaatari B,,,25
CHE-497-B,20684,Polymer Research,1,,,,El-Zaatari B,,,25
CHE-497-C,20687,Senior Res. II: Glycoscience,1,,,,Snyder N,,,25
CHE-498-A,20683,Honors Polymer Research,1,,,,El-Zaatari B,,,25
CHE-498-B,20686,Honors Research: Glycoscience,1,,,,Snyder N,,,25
CHE-498-C,20845,Honors Thesis Research,1,,,,Key H,,,25
CHI-102-A,20106,Elementary Chinese II,1,MWF,9:30 AM - 10:20 AM,CHAM B027,Chen N,"[{""code"":""PRQ"",""description"":""There is a prerequisite for the course; see catalog""},{""code"":""AT"",""description"":""Students must attend one weekly AT session, meeting times TBD""}]",,25
CHI-102-B,20107,Elementary Chinese II,1,MWF,10:30 AM - 11:20 AM,CHAM B027,Chen N,"[{""code"":""PRQ"",""description"":""There is a prerequisite for the course; see catalog""},{""code"":""AT"",""description"":""Students must attend one weekly AT session, meeting times TBD""}]",,25
CHI-202-A,20108,Intermediate Chinese II,1,MWF,1:30 PM - 2:20 PM,CHAM 2187,Chen N,"[{""code"":""PRQ"",""description"":""There is a prerequisite for the course; see catalog""},{""code"":""AT"",""description"":""Students must attend one weekly AT session, meeting times TBD""}]",,25
CHI-207-A,20109,Engendering Chinese Cinema,1,W,1:30 PM - 4:20 PM,CHAM 3068,Shen V,"[{""code"":""IN-ENGL"",""description"":""In English""}]",,25
CHI-302-A,20110,Advanced Chinese II,1,TR,12:15 PM - 1:30 PM,CHAM 3209,Shen V,"[{""code"":""PRQ"",""description"":""There is a prerequisite for the course; see catalog""},{""code"":""AT"",""description"":""Students must attend one weekly AT session, meeting times TBD""}]",,25
CHI-451-A,20572,Advanced Chinese,1,TR,1:40 PM - 2:55 PM,CHAM 3209,Shen V,"[{""code"":""PRQ"",""description"":""There is a prerequisite for the course; see catalog""}]",,25
CHI-495-A,20660,Chinese Cinema,1,,,,Shen V,,,25
CIS-215-A,20571,The Art & Practice of Reading,1,MWF,10:30 AM - 12:20 PM,CHAM 1045,Snyder G,,,25
CIS-496-A,20113,Thesis II,1,,,,Crandall B,"[{""code"":""34"",""description"":""Juniors and Seniors only""}]",,25
CLA-233-A,20114,Athenian Law in Action,1,MWF,8:30 AM - 9:20 AM,CHAM 3106,Krentz P,,,25
CLA-235-A,20115,Families of Anc Mediterranean,1,MW,2:30 PM - 3:45 PM,CHAM 2068,Truetzel A,,,25
CLA-255-A,20116,Greek and Roman Athletics,1,MWF,1:30 PM - 2:20 PM,CHAM HANCE,Smith A,,,25
CLA-399-A,20813,In Search of Ariadne,1,,,,Cheshire K,,,25
CLA-456-A,20117,Coins and the Ancient Economy,1,TR,1:40 PM - 2:55 PM,CHAM 3196,Truetzel A,,,25
CLA-499-A,20828,Honors Thesis,1,,,,Cheshire K,,,25
COM-101-A,20118,Princ of Oral Communication,1,TR,9:40 AM - 10:55 AM,CHAM B027,Smith J,,,25
COM-101-B,20119,Princ of Oral Communication,1,TR,8:15 AM - 9:30 AM,CHAM B027,Smith J,,,25
COM-101-C,20120,Princ of Oral Communication,1,MWF,12:30 PM - 1:20 PM,CHAM B027,Pollard E,,,25
COM-203-A,20122,Communication Research Methods,1,MW,2:30 PM - 3:45 PM,CHAM 1003,Martinez A,,,25
COM-207-A,20123,"Politics, Race, & US Media",1,TR,1:40 PM - 2:55 PM,CHAM 1027,Bailey I,,,25
COM-230-A,20610,Organizational Communication,1,MWF,11:30 AM - 12:20 PM,CHAM 1006,Pollard E,,,25
COM-325-A,20124,Exploring Fake News,1,TR,3:05 PM - 4:20 PM,CHAM 1046,Bailey I,,,25
COM-365-A,20125,Rhetorics of Justice & Equal,1,TR,12:15 PM - 1:30 PM,CHAM 2196,Smith J,,,25
COM-390-A,20126,Research Ethics,1,F,1:30 PM - 4:20 PM,WALL 307,Bailey I,,,25
COM-495-A,20127,Comm Theory & Research,1,R,1:40 PM - 4:20 PM,CHAM 2187,Martinez A,"[{""code"":""PRM"",""description"":""Permission of instructor required""}]",,25
COM-497-A,20794,Thesis Research,1,,,,Martinez A,,,25
CSC-110-A,20128,Data Science & Society,1,MW,2:30 PM - 3:45 PM,WATSON 132,Benbow P,,,25
CSC-121-A,20129,Programming & Problem Solving,1,MW,8:05 AM - 9:20 AM,WATSON 132,Williams K,"[{""code"":""R"",""description"":""Course has restrictions; see course description""}]",,25
CSC-121-B,20130,Programming & Problem Solving,1,TR,9:40 AM - 10:55 AM,WATSON 247,Peck T,"[{""code"":""R"",""description"":""Course has restrictions; see course description""}]",,25
CSC-121-C,20131,Programming & Problem Solving,1,TR,3:05 PM - 4:20 PM,WATSON 132,Ramanujan R,"[{""code"":""R"",""description"":""Course has restrictions; see course description""}]",,25
CSC-220-A,20134,Discrete Structures,1,TR,9:40 AM - 10:55 AM,WATSON 243,Blake H,"[{""code"":""PRQ"",""description"":""There is a prerequisite for the course; see catalog""},{""code"":""XLST"",""description"":""Cross-listed; see course description for equivalent course (registration may be changed later if needed).""}]",,25
CSC-221-A,20135,Data Structures,1,MWF,9:30 AM - 10:20 AM,WATSON 132,Lim T,"[{""code"":""PRQ"",""description"":""There is a prerequisite for the course; see catalog""},{""code"":""AT-CSCLABS"",""description"":""Students must attend weekly CSC AT session""}]",,25
CSC-221-B,20136,Data Structures,1,MWF,10:30 AM - 11:20 AM,WATSON 132,Lim T,"[{""code"":""PRQ"",""description"":""There is a prerequisite for the course; see catalog""}]",,25
CSC-221-C,20137,Data Structures,1,MWF,1:30 PM - 2:20 PM,WATSON 132,Mendes H,"[{""code"":""PRQ"",""description"":""There is a prerequisite for the course; see catalog""}]",,25
CSC-250-A,20138,Computer Organization,1,TR,8:15 AM - 9:30 AM,WATSON 243,Nemitz C,"[{""code"":""PRQ"",""description"":""There is a prerequisite for the course; see catalog""}]",,25
CSC-312-A,20139,Software Design,1,TR,9:40 AM - 10:55 AM,WATSON 157,Lim T,"[{""code"":""PRQ"",""description"":""There is a prerequisite for the course; see catalog""}]",,25
CSC-321-A,20141,Analysis of Algorithms,1,TR,8:15 AM - 9:30 AM,CHAM 2234,Yerger C,"[{""code"":""PRQ"",""description"":""There is a prerequisite for the course; see catalog""}]",,25
CSC-353-A,20142,Database Systems,1,MWF,9:30 AM - 10:20 AM,WATSON 243,Mendes H,"[{""code"":""PRQ"",""description"":""There is a prerequisite for the course; see catalog""}]",,25
CSC-353-B,20143,Database Systems,1,MWF,10:30 AM - 11:20 AM,WATSON 243,Mendes H,"[{""code"":""PRQ"",""description"":""There is a prerequisite for the course; see catalog""}]",,25
CSC-358-A,20144,Real-Time Systems,1,TR,12:15 PM - 1:30 PM,WATSON 147,Nemitz C,"[{""code"":""PRQ"",""description"":""There is a prerequisite for the course; see catalog""}]",,25
CSC-362-A,20145,Data Visualization,1,MW,2:30 PM - 3:45 PM,WATSON 247,Williams K,"[{""code"":""PRQ"",""description"":""There is a prerequisite for the course; see catalog""}]",,25
CSC-364-A,20146,Image Processing,1,TR,1:40 PM - 2:55 PM,WATSON 247,Peck T,"[{""code"":""PRQ"",""description"":""There is a prerequisite for the course; see catalog""}]",,25
CSC-395-A,20728,The Test Code Quality Analysis,1,,,,Lim T,,,25
CSC-395-B,20744,RL for LLMs,1,,,,Ramanujan R,,,25
CSC-395-C,20760,JIT Compiler Visualization Dev,1,,,,Williams K,,,25
CSC-395-D,20761,VR Independent Research,1,,,,Peck T,,,25
CSC-395-E,20768,Machine Learning Systems,1,,,,Ramanujan R,,,25
CSC-395-F,20769,Data Analysis and VR research,1,,,,Peck T,,,25
CSC-395-G,20814,Reverse Engineering JIT Code,1,,,,Lim T,,,25
CSC-395-H,20817,Computer Architecture & FPGAs,1,,,,Mendes H,,,25
CSC-395-I,20838,Deep Learning for Nuclear Phy,1,,,,Kuchera M,,,25
CSC-496-A,20816,Multiparty Computation - SPDZ,1,,,,Mendes H,,,25
DAN-101-A,20147,Introduction to Dance Studies,1,MWF,10:30 AM - 11:20 AM,BAKER 1102,Nambiar A,,,25
DAN-140-A,20148,Movement Lab,1,MW,9:30 AM - 11:20 AM,BAKER 1100,Davis J,,,25
DAN-246-A,20149,Odissi Dance Technique I,1,MW,2:30 PM - 4:20 PM,BAKER 1100,Nambiar A,,,25
DAN-260-A,20150,Dance Composition,1,MW,11:30 AM - 1:20 PM,BAKER 1100,Davis J,"[{""code"":""XLST"",""description"":""Cross-listed; see course description for equivalent course (registration may be changed later if needed).""}]",,25
DAN-294-A,20151,Dance on Screen,1,MWF,12:30 PM - 1:20 PM,CHAM 1086,Nambiar A,,,25
DAN-360-A,20152,Adv Dance Composition,1,MW,11:30 AM - 1:20 PM,BAKER 1100,Davis J,"[{""code"":""XLST"",""description"":""Cross-listed; see course description for equivalent course (registration may be changed later if needed).""}]",,25
DAT-205-A,20153,Statistical Linear Models,1,MWF,1:30 PM - 2:20 PM,WATSON 247,Wang K,"[{""code"":""PRQ"",""description"":""There is a prerequisite for the course; see catalog""}]",,25
DAT-385-A,20615,Forecasting,1,MWF,12:30 PM - 1:20 PM,CHAM 1096,Jha J,"[{""code"":""PRQ"",""description"":""There is a prerequisite for the course; see catalog""}]",,25
DAT-395-A,20632,Data Engineering,1,,,,Benbow P,,,25
DIG-101-A,20155,Intro to Digital Studies,1,MWF,12:30 PM - 1:20 PM,WATSON 109,Heggestad J,,,25
DIG-220-A,20156,Electronic Literature,1,MWF,1:30 PM - 2:20 PM,WATSON 109,Heggestad J,,,25
DIG-320-A,20157,"Technology, Knowledge & Wisdom",1,TR,8:15 AM - 9:30 AM,SLOAN 201,Kabala J,,,25
DIG-333-A,20158,Physical Computing,1,MW,2:30 PM - 3:45 PM,VAC 212,Mundy O,,,25
DIG-345-A,20159,Radical Software,1,MWF,11:30 AM - 12:20 PM,VAC 212,Mundy O,"[{""code"":""PRQ"",""description"":""There is a prerequisite for the course; see catalog""}]",,25
DIG-395-A,20693,Independent Study,1,,,,Dietrick J,,,25
DIG-395-B,20820,Semantic Information Systems,1,,,,Mundy O,,,25
ECO-101-A,20160,Introductory Economics,1,TR,9:40 AM - 10:55 AM,DANA 146,Smith F,,,25
ECO-101-B,20161,Introductory Economics,1,TR,12:15 PM - 1:30 PM,DANA 146,Smith F,,,25
ECO-101-C,20162,Introductory Economics,1,MWF,1:30 PM - 2:20 PM,CHAM 2084,Denteh A,,,25
ECO-101-D,20163,Introductory Economics,1,MWF,9:30 AM - 10:20 AM,WATSON 157,Cools A,,,25
ECO-202-A,20164,Intermed Microeconomic Theory,1,TR,9:40 AM - 10:55 AM,CHAM 3155,O'Keefe S,"[{""code"":""PRQ"",""description"":""There is a prerequisite for the course; see catalog""}]",,25
ECO-202-B,20165,Intermed Microeconomic Theory,1,TR,12:15 PM - 1:30 PM,WATSON 119,O'Keefe S,"[{""code"":""PRQ"",""description"":""There is a prerequisite for the course; see catalog""}]",,25
ECO-203-A,20166,Intermed Macroeconomic Theory,1,TR,8:15 AM - 9:30 AM,CHAM 3155,Kumar V,"[{""code"":""PRQ"",""description"":""There is a prerequisite for the course; see catalog""}]",,25
ECO-203-B,20167,Intermed Macroeconomic Theory,1,TR,12:15 PM - 1:30 PM,CHAM 3155,Kumar V,"[{""code"":""PRQ"",""description"":""There is a prerequisite for the course; see catalog""}]",,25
ECO-204-A,20168,Stats & Basic Econometrics,1,T,1:40 PM - 2:55 PM,CHAM 2187,Casavilca Silva P,"[{""code"":""PRQ"",""description"":""There is a prerequisite for the course; see catalog""}]",,25
ECO-204-B,20169,Stats & Basic Econometrics,1,T,3:05 PM - 4:20 PM,CHAM 2068,Casavilca Silva P,"[{""code"":""PRQ"",""description"":""There is a prerequisite for the course; see catalog""}]",,25
ECO-205-A,20170,Econometrics,1,R,1:40 PM - 2:55 PM,VAC 108,Foley M,"[{""code"":""PRQ"",""description"":""There is a prerequisite for the course; see catalog""}]",,25
ECO-205-B,20171,Econometrics,1,R,3:05 PM - 4:20 PM,VAC 117,Foley M,"[{""code"":""PRQ"",""description"":""There is a prerequisite for the course; see catalog""}]",,25
ECO-211-A,20172,Introduction to Accounting,1,MWF,8:30 AM - 9:20 AM,CHAM 3155,Baker B,"[{""code"":""34+"",""description"":""Juniors and Seniors only until the first day of class""}]",,25
ECO-211-B,20173,Introduction to Accounting,1,MWF,10:30 AM - 11:20 AM,DANA 146,Baker B,"[{""code"":""34+"",""description"":""Juniors and Seniors only until the first day of class""}]",,25
ECO-212-A,20174,Intermediate Accounting,1,MWF,12:30 PM - 1:20 PM,DANA 146,Baker B,"[{""code"":""PRQ"",""description"":""There is a prerequisite for the course; see catalog""}]",,25
ECO-214-A,20175,Introduction to Finance,1,TR,8:15 AM - 9:30 AM,CHAM 1006,Kollme B,"[{""code"":""PRQ"",""description"":""There is a prerequisite for the course; see catalog""}]",,25
ECO-226-A,20176,Environ & Nat Resour Economics,1,TR,1:40 PM - 2:55 PM,CHAM 3106,Narantungalag O,"[{""code"":""PRQ"",""description"":""There is a prerequisite for the course; see catalog""}]",,25
ECO-227-A,20177,Economics of Gender & Family,1,MWF,12:30 PM - 1:20 PM,CHAM HANCE,Cools A,"[{""code"":""PRQ"",""description"":""There is a prerequisite for the course; see catalog""}]",,25
ECO-228-A,20178,Financial Economics,1,MWF,1:30 PM - 2:20 PM,CHAM 1003,Stroup C,"[{""code"":""DO"",""description"":""Participating in the Day One course materials program pilot. Visit the College Store's Help Center for more information.""},{""code"":""PRQ"",""description"":""There is a prerequisite for the course; see catalog""}]",,25
ECO-235-A,20180,Economics of Mining & Sust Dev,1,TR,3:05 PM - 4:20 PM,CHAM 3155,Narantungalag O,"[{""code"":""PRQ"",""description"":""There is a prerequisite for the course; see catalog""}]",,25
ECO-254-A,20181,Religion and Economics,1,MWF,9:30 AM - 10:20 AM,CHAM 3068,Jha J,"[{""code"":""PRQ"",""description"":""There is a prerequisite for the course; see catalog""}]",,25
ECO-288-A,20563,Int'l Political Economy,1,MW,2:30 PM - 3:45 PM,CHAM 3106,Crandall B,"[{""code"":""PRQ"",""description"":""There is a prerequisite for the course; see catalog""}]",,25
ECO-295-A,20665,Concentrated Factor Pricing,1,,,,Stroup C,,,25
ECO-295-B,20743,Game Theory&Strategic Behavior,1,,,,Foley M,,,25
ECO-295-C,20757,Advanced Game Theory,1,,,,Foley M,,,25
ECO-295-D,20837,Tourism & Economic Development,1,,,,Gouri Suresh S,,,25
ECO-322-A,20183,Health Economics,1,MWF,10:30 AM - 11:20 AM,CHAM 3068,Denteh A,"[{""code"":""PRQ"",""description"":""There is a prerequisite for the course; see catalog""}]",,25
ECO-329-A,20184,Sports Economics,1,MWF,11:30 AM - 12:20 PM,WATSON 119,Smith F,"[{""code"":""PRQ"",""description"":""There is a prerequisite for the course; see catalog""}]",,25
ECO-337-A,20562,International Trade,1,TR,1:40 PM - 2:55 PM,DANA 146,Gouri Suresh S,"[{""code"":""PRQ"",""description"":""There is a prerequisite for the course; see catalog""}]",,25
ECO-385-A,20616,Forecasting,1,MWF,12:30 PM - 1:20 PM,CHAM 1096,Jha J,"[{""code"":""PRQ"",""description"":""There is a prerequisite for the course; see catalog""}]",,25
ECO-395-A,20656,Shareholder Activism,1,,,,Stroup C,,,25
ECO-395-B,20793,Advanced Causal Inference,1,,,,O'Keefe S,,,25
ECO-395-C,20833,Geopolitical Uncertainty & M&A,1,,,,Stroup C,,,25
ECO-495-A,20185,Contemporary Economic Issues,1,MW,2:30 PM - 3:45 PM,CHAM 1045,Gouri Suresh S,"[{""code"":""PRQ"",""description"":""There is a prerequisite for the course; see catalog""}]",,25
ECO-495-B,20186,Beckerian Economics,1,MW,2:30 PM - 3:45 PM,CHAM 3084,O'Keefe S,"[{""code"":""PRQ"",""description"":""There is a prerequisite for the course; see catalog""}]",,25
ECO-495-C,20187,Topics in Public Policy,1,MW,2:30 PM - 3:45 PM,CHAM 1006,Cools A,"[{""code"":""PRQ"",""description"":""There is a prerequisite for the course; see catalog""}]",,25
ECO-495-D,20188,Topics in Corporate Finance,1,MW,2:30 PM - 3:45 PM,CHAM 3196,Stroup C,"[{""code"":""PRQ"",""description"":""There is a prerequisite for the course; see catalog""}]",,25
ECO-495-H,20189,Honors Research,1,MW,2:30 PM - 3:45 PM,CHAM B027,Foley M,"[{""code"":""PRQ"",""description"":""There is a prerequisite for the course; see catalog""}]",,25
EDU-141-A,20190,Intro to Philosophy of Educ,1,MWF,9:30 AM - 10:20 AM,CHAM 2068,Gay R,,,25
EDU-208-A,20605,Comp & International Education,1,TR,9:40 AM - 10:55 AM,VAC 117,Marsicano C,,,25
EDU-260-A,20606,Oppression & Education,1,MWF,8:30 AM - 9:20 AM,CHAM 1003,McElrath K,,,25
EDU-280-A,20191,Intro to Education Policy,1,TR,8:15 AM - 9:30 AM,CHAM 1003,Murray B,,,25
EDU-280-B,20192,Intro to Education Policy,1,TR,12:15 PM - 1:30 PM,CHAM 3084,Murray B,,,25
EDU-292-A,20193,Theory of Sports Coaching,1,MWF,11:30 AM - 12:20 PM,CHAM 2068,Gay R,,,25
EDU-292-B,20842,Theory of Sports Coaching,1,,,,Gay R,,,25
EDU-301-A,20194,Social Stratification in HE,1,M,1:30 PM - 4:20 PM,WATSON 310,McElrath K,,,25
EDU-395-A,20749,NC's Education System,1,,,,Gay R,,,25
EDU-395-B,20759,IND. Study- First Gen Students,1,,,,Marsicano C,,,25
EDU-395-C,20767,Independent Study in Education,1,,,,Marsicano C,,,25
EDU-400-A,20558,Dir Field Placement-Education,1,MW,2:30 PM - 3:45 PM,WATSON 157,Bailey T,"[{""code"":""PRM"",""description"":""Permission of instructor required""}]",,25
EDU-495-A,20197,Capstone,1,F,1:30 PM - 4:20 PM,CHAM 3068,Gay R,"[{""code"":""R"",""description"":""Course has restrictions; see course description""}]",,25
ENG-110-A,20198,Literature & Medicine,1,TR,8:15 AM - 9:30 AM,CHAM HANCE,Vaz O,,,25
ENG-110-B,20199,History of Nature Writing,1,MWF,8:30 AM - 9:20 AM,WATSON 157,Norris M,,,25
ENG-110-C,20200,Caribbean Literature,1,MWF,9:30 AM - 10:20 AM,WATSON 109,Flanagan B,,,25
ENG-201-A,20201,Intro to Creative Nonfiction,1,T,1:40 PM - 4:20 PM,CUNN 111,Perry S,"[{""code"":""12+"",""description"":""First-years and Sophomores only until first day of class""}]",,25
ENG-203-A,20620,Introduction-Writing Poetry,1,TR,12:15 PM - 1:30 PM,CHAM 2198,Rippeon A,"[{""code"":""12+"",""description"":""First-years and Sophomores only until first day of class""}]",,25
ENG-204-A,20202,Intro to Writing Fiction,1,M,1:30 PM - 4:20 PM,WATSON 140,Flanagan B,,,25
ENG-205-A,20203,Intro to Screenwriting,1,T,1:40 PM - 4:20 PM,DANA 153,Jackson J,"[{""code"":""12+"",""description"":""First-years and Sophomores only until first day of class""}]",,25
ENG-216-I,20204,Word-Art,1,TR,9:40 AM - 10:55 AM,CHAM 2068,Churchill S,"[{""code"":""R"",""description"":""Course has restrictions; see course description""},{""code"":""INN"",""description"":""English Innovation Course""}]",,25
ENG-220-A,20205,Literary Analysis,1,TR,1:40 PM - 2:55 PM,WATSON 109,Fox A,"[{""code"":""12+"",""description"":""First-years and Sophomores only until first day of class""}]",,25
ENG-220-B,20206,Literary Analysis,1,MWF,11:30 AM - 12:20 PM,CHAM 2084,Rippeon A,"[{""code"":""12+"",""description"":""First-years and Sophomores only until first day of class""}]",,25
ENG-280-A,20208,American Literature,1,MWF,9:30 AM - 10:20 AM,CHAM 1027,Jensen A,,,25
ENG-290-A,20209,World Literatures,1,MWF,11:30 AM - 12:20 PM,CHAM 3196,Flanagan B,,,25
ENG-305-A,20210,Advanced Screenwriting,1,R,1:40 PM - 4:20 PM,CHAM 1086,Jackson J,"[{""code"":""PRQ"",""description"":""There is a prerequisite for the course; see catalog""},{""code"":""R"",""description"":""Course has restrictions; see course description""}]",,25
ENG-307-I,20211,Forms & Theories of Fiction,1,R,1:40 PM - 4:20 PM,CHAM 3068,Parker A,"[{""code"":""234"",""description"":""Sophomores, Juniors and Seniors only""},{""code"":""INN"",""description"":""English Innovation Course""}]",,25
ENG-339-I,20212,Illness Narratives,1,MWF,12:30 PM - 1:20 PM,CHAM 1003,Norris M,"[{""code"":""INN"",""description"":""English Innovation Course""}]",,25
ENG-363-A,20213,History of the Novel,1,MWF,10:30 AM - 11:20 AM,CHAM 3084,Jensen A,"[{""code"":""R"",""description"":""Course has restrictions; see course description""}]",,25
ENG-391-A,20214,Literary Criticism and Theory,1,W,1:30 PM - 4:20 PM,WATSON 140,Vincent H,"[{""code"":""234+"",""description"":""Sophomores, Juniors and Seniors only until first day of class""}]",,25
ENG-401-A,20215,True Crime,1,M,1:30 PM - 4:20 PM,CUNN 111,Perry S,"[{""code"":""34"",""description"":""Juniors and Seniors only""}]",,25
ENG-462-A,20216,Long Eighteenth-Century Gothic,1,M,1:30 PM - 4:20 PM,CHAM 3187,Vaz O,"[{""code"":""34"",""description"":""Juniors and Seniors only""}]",,25
ENG-486-A,20217,Brilliant Exiles,1,T,1:40 PM - 4:20 PM,CHAM 3068,Churchill S,"[{""code"":""34"",""description"":""Juniors and Seniors only""}]",,25
ENG-499-A,20218,Senior Honors Thesis,1,TR,9:40 AM - 10:55 AM,WATSON 147,Fox A,"[{""code"":""4"",""description"":""Seniors only""},{""code"":""R"",""description"":""Course has restrictions; see course description""}]",,25
ENV-201-A,20219,Environmental Science +Lab,1,W,1:30 PM - 4:20 PM,WALL 116,Chapman L,"[{""code"":""12+"",""description"":""First-years and Sophomores only until first day of class""}]",,25
ENV-201-B,20220,Environmental Science +Lab,1,W,1:30 PM - 4:20 PM,WALL 116,Chapman L,"[{""code"":""34+"",""description"":""Juniors and Seniors only until the first day of class""}]",,25
ENV-201-C,20221,Environmental Science +Lab,1,R,1:40 PM - 4:20 PM,WALL 116,Chapman L,"[{""code"":""12+"",""description"":""First-years and Sophomores only until first day of class""}]",,25
ENV-201-D,20222,Environmental Science +Lab,1,R,1:40 PM - 4:20 PM,WALL 116,Chapman L,"[{""code"":""34+"",""description"":""Juniors and Seniors only until the first day of class""}]",,25
ENV-201-E,20581,Environmental Science +Lab,1,M,1:30 PM - 4:20 PM,WALL 116,Conner S,"[{""code"":""12+"",""description"":""First-years and Sophomores only until first day of class""}]",,25
ENV-201-F,20584,Environmental Science +Lab,1,M,1:30 PM - 4:20 PM,WALL 116,Conner S,"[{""code"":""34+"",""description"":""Juniors and Seniors only until the first day of class""}]",,25
ENV-201-G,20583,Environmental Science +Lab,1,T,1:40 PM - 4:20 PM,WALL 116,Conner S,"[{""code"":""12+"",""description"":""First-years and Sophomores only until first day of class""}]",,25
ENV-201-H,20585,Environmental Science +Lab,1,T,1:40 PM - 4:20 PM,WALL 116,Conner S,"[{""code"":""34+"",""description"":""Juniors and Seniors only until the first day of class""}]",,25
ENV-202-A,20223,Environmental Social Sciences,1,MWF,9:30 AM - 10:20 AM,WATSON 119,White T,,,25
ENV-203-A,20224,Environmental Humanities,1,TR,3:05 PM - 4:20 PM,WATSON 109,Swenson-Lengyel W,,,25
ENV-220-A,20569,Climate Systems,1,MW,2:30 PM - 3:45 PM,SLOAN 100,Nyairo R,,,25
ENV-225-A,20225,Physical Geography of the SE,1,MWF,10:30 AM - 11:20 AM,WATSON 157,Johnson B,,,25
ENV-237-A,20226,Intro to Interdisciplinary GIS,1,MW,8:05 AM - 9:20 AM,WATSON 247,Nyairo R,"[{""code"":""123+"",""description"":""First-years, Sophomores & Juniors until first day of class""}]",,25
ENV-237-B,20227,Intro to Interdisciplinary GIS,1,TR,12:15 PM - 1:30 PM,WATSON 247,Chapman L,"[{""code"":""123+"",""description"":""First-years, Sophomores & Juniors until first day of class""}]",,25
ENV-242-A,20570,"Pol Ecol:People, Power, Planet",1,MWF,1:30 PM - 2:20 PM,WATSON 157,White T,,,25
ENV-273-A,20229,"Art, Activism & Environment",1,TR,1:40 PM - 2:55 PM,WATSON 147,Garcia Peacock J,,,25
ENV-295-A,20697,Independent Study,1,,,,Paradise C,,,25
ENV-295-B,20742,Independent Study,1,,,,Chapman L,,,25
ENV-322-A,20230,Local Env Governance,1,MWF,11:30 AM - 12:20 PM,WATSON 147,O'Geen A; Johnson B,"[{""code"":""XLST"",""description"":""Cross-listed; see course description for equivalent course (registration may be changed later if needed).""}]",,25
ENV-331-A,20582,Natural Hazards,1,TR,9:40 AM - 10:55 AM,WATSON 310,Conner S,,,25
ENV-344-A,20231,Voices of the Earth,1,MWF,12:30 PM - 1:20 PM,WATSON 140,White T,,,25
ENV-385-A,20233,Environmental Justice Art,1,W,1:30 PM - 4:20 PM,WALL 251,Garcia Peacock J,"[{""code"":""PRQ"",""description"":""There is a prerequisite for the course; see catalog""}]",,25
ENV-395-A,20847,Independent Research,1,,,,Paradise C,,,25
ENV-401-A,20234,Environmental Studies Seminar,1,TR,3:05 PM - 4:20 PM,WALL 210,Garcia Peacock J,"[{""code"":""4"",""description"":""Seniors only""},{""code"":""PRQ"",""description"":""There is a prerequisite for the course; see catalog""}]",,25
ENV-401-B,20235,Environmental Studies Seminar,1,TR,3:05 PM - 4:20 PM,WALL 210,Garcia Peacock J,"[{""code"":""3"",""description"":""Juniors only""},{""code"":""PRQ"",""description"":""There is a prerequisite for the course; see catalog""}]",,25
ENV-495-A,20696,Independent Research,1,,,,Chapman L,,,25
ENV-497-A,20712,Honors Research,1,,,,Paradise C,,,25
ENV-497-B,20756,Thesis Research,1,,,,Wadgymar S,,,25
ENV-497-C,20776,Thesis Research,1,,,,Johnson B,,,25
ENV-497-D,20790,Thesis Research,1,,,,Smith K,,,25
ENV-497-E,20796,Honors Research,1,,,,Chapman L,,,25
ENV-497-F,20811,Honors Research,1,,,,Johnson B,,,25
ENV-497-G,20839,Thesis Research,1,,,,Lozada F,,,25
FMD-497-A,20721,Animation,1,,,,Dietrick J,,,25
FMS-211-A,20236,Filmmaking,1,T,1:40 PM - 4:20 PM,VAC 212,Kokdil E,,,25
FMS-230-A,20237,American Indie Cinema,1,TR,12:15 PM - 1:30 PM,WATSON 140,Jackson J,,,25
FMS-311-A,20238,Advanced Filmmaking,1,R,1:40 PM - 4:20 PM,VAC 212,Kokdil E,"[{""code"":""PRQ"",""description"":""There is a prerequisite for the course; see catalog""}]",,25
FRE-102-A,20239,Elementary French II,1,MWF,10:30 AM - 11:20 AM,CHAM 3187,Beschea F,"[{""code"":""PRQ"",""description"":""There is a prerequisite for the course; see catalog""},{""code"":""AT-II"",""description"":""Students must attend two weekly AT sessions, meeting times TBD""}]",,25
FRE-102-B,20240,Elementary French II,1,MWF,11:30 AM - 12:20 PM,CHAM 3187,Beschea F,"[{""code"":""PRQ"",""description"":""There is a prerequisite for the course; see catalog""},{""code"":""AT-II"",""description"":""Students must attend two weekly AT sessions, meeting times TBD""}]",,25
FRE-201-A,20241,Intermed Fre/Davidson Exposure,1,MWF,10:30 AM - 11:20 AM,CHAM 3198,Bedecarre M,"[{""code"":""PRQ"",""description"":""There is a prerequisite for the course; see catalog""}]",,25
FRE-205-A,20242,Intermediate French II,1,TR,9:40 AM - 10:55 AM,CHAM 1046,Robu C,"[{""code"":""PRQ"",""description"":""There is a prerequisite for the course; see catalog""},{""code"":""AT"",""description"":""Students must attend one weekly AT session, meeting times TBD""}]",,25
FRE-220-A,20243,Francophone Humanities,1,MW,2:30 PM - 3:45 PM,CHAM 1046,Bedecarre M,"[{""code"":""PRQ"",""description"":""There is a prerequisite for the course; see catalog""}]",,25
FRE-230-A,20244,France in the Headlines,1,TR,1:40 PM - 2:55 PM,CHAM 3234,Vessier N,"[{""code"":""PRQ"",""description"":""There is a prerequisite for the course; see catalog""}]",,25
FRE-290-A,20245,Indep Study for Non-Majors,1,,,,Beschea F,"[{""code"":""PRM"",""description"":""Permission of instructor required""}]",,25
FRE-341-A,20614,The Algerian Revolution,1,TR,3:05 PM - 4:20 PM,CHAM 3198,Vessier N,,,25
FRE-351-A,20247,A Genre for Gender: Québec Com,1,TR,12:15 PM - 1:30 PM,CHAM 1046,Robu C,"[{""code"":""R"",""description"":""Course has restrictions; see course description""}]",,25
FRE-390-A,20248,Independent Study for Majors,1,,,,Beschea F,"[{""code"":""PRM"",""description"":""Permission of instructor required""}]",,25
FRE-499-A,20249,Honors Project 2,1,,,,Beschea F,"[{""code"":""PRQ"",""description"":""There is a prerequisite for the course; see catalog""}]",,25
FRE-499-B,20707,French Honors Thesis,1,,,,Bedecarre M,,,25
GER-102-A,20250,What is German? II,1,MWF,11:30 AM - 12:20 PM,CHAM 2187,McCarthy M,"[{""code"":""PRQ"",""description"":""There is a prerequisite for the course; see catalog""},{""code"":""AT-II"",""description"":""Students must attend two weekly AT sessions, meeting times TBD""}]",,25
GER-202-A,20251,German Stories & Histories II,1,MWF,9:30 AM - 10:20 AM,CHAM 3187,Henke B,"[{""code"":""PRQ"",""description"":""There is a prerequisite for the course; see catalog""},{""code"":""AT"",""description"":""Students must attend one weekly AT session, meeting times TBD""}]",,25
GER-242-A,20598,Hollywood Alternatives,1,MWF,1:30 PM - 2:20 PM,CHAM 1086,McCarthy M,"[{""code"":""IN-ENGL"",""description"":""In English""}]",,25
GER-301-A,20252,Memory and Belonging I,1,MWF,12:30 PM - 1:20 PM,CHAM 3209,Henke B,"[{""code"":""PRQ"",""description"":""There is a prerequisite for the course; see catalog""}]",,25
GER-333-A,20628,Hannah Arendt,1,TR,8:15 AM - 9:30 AM,CHAM 1045,Denham S,"[{""code"":""IN-ENGL"",""description"":""In English""}]",,25
GER-398-A,20848,"Gropius, Bauhaus, Modernism",1,,,,Denham S,,,25
GER-402-A,20255,Wanderlust,1,W,1:30 PM - 4:20 PM,CHAM 2234,Denham S,"[{""code"":""PRQ"",""description"":""There is a prerequisite for the course; see catalog""}]",,25
GER-498-A,20803,German Colonialism,1,,,,Denham S,,,25
GRE-103-A,20257,IntensAncientGreek (2 credits),2,TR,12:15 PM - 1:30 PM,CHAM 2209,Cheshire K,"[{""code"":""AT-II"",""description"":""Students must attend two weekly AT sessions, meeting times TBD""}]",,25
GRE-218-A,20258,New Testament Greek,1,MWF,11:30 AM - 12:20 PM,EU 101,Krentz P,"[{""code"":""PRQ"",""description"":""There is a prerequisite for the course; see catalog""},{""code"":""XLST"",""description"":""Cross-listed; see course description for equivalent course (registration may be changed later if needed).""}]",,25
GRE-318-A,20259,Adv. New Testament Greek,1,MWF,11:30 AM - 12:20 PM,EU 101,Krentz P,"[{""code"":""PRQ"",""description"":""There is a prerequisite for the course; see catalog""},{""code"":""XLST"",""description"":""Cross-listed; see course description for equivalent course (registration may be changed later if needed).""}]",,25
GSS-101-A,20260,Intro to Gender & Sexuality,1,MWF,10:30 AM - 11:20 AM,CHAM 1027,Sokol K,,,25
GSS-201-A,20261,Feminist & Queer Theories,1,TR,3:05 PM - 4:20 PM,CHAM 3209,Tilburg P,,,25
GSS-204-A,20578,Trans Studies,1,MWF,12:30 PM - 1:20 PM,CHAM 3068,Sokol K,,,25
GSS-246-A,20650,"Sex, Love & Relationships",1,TR,8:15 AM - 9:30 AM,WATSON 147,Kaufman G,,,25
GSS-324-A,20263,"Sex, Law & Modernity",1,TR,12:15 PM - 1:30 PM,CHAM 2187,Boyer P; Tilburg P,,,25
GSS-333-A,20264,Queer Disability Studies,1,MW,2:30 PM - 3:45 PM,WALL 320,Sokol K,,,25
GSS-440-A,20265,Matters of Life & Death,1,T,1:40 PM - 4:20 PM,EU 101,Horowitz K,,,25
GSS-495-A,20745,Third World Feminisms,1,,,,Gonzalez M,,,25
HIS-124-A,20266,Russia: A Multinational Empire,1,TR,8:15 AM - 9:30 AM,CHAM 3084,Benjamin T,,,25
HIS-163-A,20565,Place & Nation in Mod Lat Amer,1,MWF,10:30 AM - 11:20 AM,CHAM 3106,Gasparowicz N,,,25
HIS-171-A,20267,Making Modern South Asia,1,MWF,8:30 AM - 9:20 AM,CHAM 2068,Chaudhuri M,,,25
HIS-175-A,20268,"Mid East,610-1453:Formtn Islam",1,MWF,11:30 AM - 12:20 PM,CHAM 3106,Berkey J,"[{""code"":""123+"",""description"":""First-years, Sophomores & Juniors until first day of class""}]",,25
HIS-184-A,20269,Modern East Asia,1,MWF,9:30 AM - 10:20 AM,CHAM 3106,Mortensen D,"[{""code"":""123+"",""description"":""First-years, Sophomores & Juniors until first day of class""}]",,25
HIS-222-A,20270,Food and Empire,1,MWF,10:30 AM - 11:20 AM,CHAM 1006,Dietz V,"[{""code"":""123+"",""description"":""First-years, Sophomores & Juniors until first day of class""}]",,25
HIS-261-A,20271,American Revolutions 1763-1821,1,TR,3:05 PM - 4:20 PM,CHAM 1015,Cho H,"[{""code"":""123+"",""description"":""First-years, Sophomores & Juniors until first day of class""}]",,25
HIS-276-A,20272,"Zionism, Israel, Palestine",1,TR,12:15 PM - 1:30 PM,CHAM 1015,Lipsker C,,,25
HIS-312-A,20273,"The Crusades, Then and Now",1,TR,9:40 AM - 10:55 AM,WATSON 119,Berkey J; Kabala J,,,25
HIS-325-A,20274,Britain in Long 18C,1,TR,1:40 PM - 2:55 PM,CHAM 1046,Dietz V,,,25
HIS-349-A,20275,The Vietnam Experience,1,MW,8:05 AM - 9:20 AM,CHAM 1006,Aldridge D,,,25
HIS-386-A,20276,Modern China,1,MWF,1:30 PM - 2:20 PM,CHAM 3106,Mortensen D,"[{""code"":""234+"",""description"":""Sophomores, Juniors and Seniors only until first day of class""}]",,25
HIS-395-A,20849,Independent Study,1,,,,Tilburg P,,,25
HIS-414-A,20277,Digital Medieval History,1,T,1:40 PM - 4:20 PM,CHAM 1086,Kabala J,,,25
HIS-431-A,20278,Genocides in 20thC Eurasia,1,R,1:40 PM - 4:20 PM,CHAM 1096,Benjamin T,"[{""code"":""234"",""description"":""Sophomores, Juniors and Seniors only""}]",,25
HIS-441-A,20279,Making of the Pacific World,1,M,1:30 PM - 4:20 PM,CHAM 2234,Cho H,"[{""code"":""234"",""description"":""Sophomores, Juniors and Seniors only""}]",,25
HIS-449-A,20280,Age of Revolution: US in 1960s,1,W,1:30 PM - 4:20 PM,VAC 108,Aldridge D,,,25
HIS-475-A,20602,Neoliberalism's Global History,1,M,1:30 PM - 4:20 PM,CHAM 2196,Chaudhuri M,,,25
HIS-489-A,20282,Kelley Honors Seminar,1,W,1:30 PM - 4:20 PM,CHAM 2196,Wiemers A,"[{""code"":""4"",""description"":""Seniors only""}]",,25
HUM-104-A,20283,Connections and Conflicts II,1,R,3:05 PM - 4:20 PM,CHAM HANCE,Bory A; Wills A; O'Geen A; Corso-Esquivel J; Lipsker C,"[{""code"":""1"",""description"":""First-years only""}]",,25
HUM-196-A,20289,Adv Studies in Humanities II,1,T,3:05 PM - 4:20 PM,CHAM 3234,Bory A,"[{""code"":""PRM"",""description"":""Permission of instructor required""}]",,25
LAS-101-A,20290,Intro to Latin Amer Studies,1,TR,8:15 AM - 9:30 AM,CHAM 3068,Castaneda V; Cornejo Casares O,,,25
LAS-221-A,20597,Afro-Brazilian History & Cultu,1,TR,3:05 PM - 4:20 PM,CHAM 1003,Castaneda V,,,25
LAS-251-A,20291,Latinx Citizenship,1,MWF,9:30 AM - 10:20 AM,CHAM 1046,Cornejo Casares O,,,25
LAS-252-A,20604,"Sex, Power & Religion in Latin",1,TR,1:40 PM - 2:55 PM,CHAM 1015,Gasparowicz N,,,25
LAS-330-A,20292,Undocumented Immigration,1,TR,9:40 AM - 10:55 AM,CHAM 1015,Cornejo Casares O,,,25
LAT-102-A,20294,Introductory Latin II,1,MWF,11:30 AM - 12:20 PM,CHAM 1046,Truetzel A,"[{""code"":""PRQ"",""description"":""There is a prerequisite for the course; see catalog""},{""code"":""AT-II"",""description"":""Students must attend two weekly AT sessions, meeting times TBD""}]",,25
LAT-224-A,20560,Pastoral Poetry,1,MWF,10:30 AM - 11:20 AM,CHAM 1086,Lee T,"[{""code"":""PRQ"",""description"":""There is a prerequisite for the course; see catalog""},{""code"":""XLST"",""description"":""Cross-listed; see course description for equivalent course (registration may be changed later if needed).""}]",,25
LAT-324-A,20561,Adv Pastoral Poetry,1,MWF,10:30 AM - 11:20 AM,CHAM 1086,Lee T,"[{""code"":""PRQ"",""description"":""There is a prerequisite for the course; see catalog""},{""code"":""XLST"",""description"":""Cross-listed; see course description for equivalent course (registration may be changed later if needed).""}]",,25
LIT-395-A,20851,Post-Colonial Lit & Theory,1,,,,Boyer P,,,25
LIT-432-A,20296,Theory & Prac Literature,1,W,1:30 PM - 4:20 PM,CHAM 3187,Ewington A; Gonzalez M,"[{""code"":""PRQ"",""description"":""There is a prerequisite for the course; see catalog""}]",,25
MAT-105-A,20297,Introduction to Statistics,1,MWF,11:30 AM - 12:20 PM,WATSON 247,Wang K,,,25
MAT-112-A,20298,Calculus I and Modeling,1,MWF,9:30 AM - 10:20 AM,WATSON 147,Duhon A,"[{""code"":""DO"",""description"":""Participating in the Day One course materials program pilot. Visit the College Store's Help Center for more information.""},{""code"":""R"",""description"":""Course has restrictions; see course description""},{""code"":""AT-Calc"",""description"":""Students must attend a Calc AT session, either MW 7-8pm, TR 7-8pm or TR 10-11am""}]",,25
MAT-112-B,20299,Calculus I and Modeling,1,MWF,10:30 AM - 11:20 AM,WATSON 147,Duhon A,"[{""code"":""DO"",""description"":""Participating in the Day One course materials program pilot. Visit the College Store's Help Center for more information.""},{""code"":""R"",""description"":""Course has restrictions; see course description""}]",,25
MAT-112-C,20300,Calculus I and Modeling,1,MWF,8:30 AM - 9:20 AM,CHAM 2187,Chavez A,"[{""code"":""R"",""description"":""Course has restrictions; see course description""}]",,25
MAT-113-A,20301,Calculus II,1,MWF,9:30 AM - 10:20 AM,CHAM HANCE,Chartier T,"[{""code"":""PRQ"",""description"":""There is a prerequisite for the course; see catalog""}]",,25
MAT-113-B,20302,Calculus II,1,MWF,12:30 PM - 1:20 PM,WATSON 119,Zhuang Y,"[{""code"":""PRQ"",""description"":""There is a prerequisite for the course; see catalog""}]",,25
MAT-140-A,20303,Multivar Calculus & Modeling,1,MWF,12:30 PM - 1:20 PM,WATSON 147,Heyer L,"[{""code"":""PRQ"",""description"":""There is a prerequisite for the course; see catalog""}]",,25
MAT-150-A,20304,Linear Algebra,1,TR,12:15 PM - 1:30 PM,WATSON 243,Blake H,"[{""code"":""PRQ"",""description"":""There is a prerequisite for the course; see catalog""}]",,25
MAT-150-B,20305,Linear Algebra,1,TR,1:40 PM - 2:55 PM,WATSON 132,Bachmann M,"[{""code"":""PRQ"",""description"":""There is a prerequisite for the course; see catalog""}]",,25
MAT-160-A,20306,Calculus III,1,MWF,10:30 AM - 11:20 AM,WATSON 119,Wright A,"[{""code"":""PRQ"",""description"":""There is a prerequisite for the course; see catalog""}]",,25
MAT-210-A,20307,Mathematical Modeling,1,MWF,12:30 PM - 1:20 PM,CHAM 3155,Chartier T,"[{""code"":""PRQ"",""description"":""There is a prerequisite for the course; see catalog""},{""code"":""XLST"",""description"":""Cross-listed; see course description for equivalent course (registration may be changed later if needed).""}]",,25
MAT-210-B,20308,Mathematical Modeling,1,MWF,1:30 PM - 2:20 PM,CHAM 3155,Chartier T,"[{""code"":""PRQ"",""description"":""There is a prerequisite for the course; see catalog""},{""code"":""XLST"",""description"":""Cross-listed; see course description for equivalent course (registration may be changed later if needed).""}]",,25
MAT-230-A,20310,Sets and Proofs,1,TR,3:05 PM - 4:20 PM,WATSON 119,Bachmann M,"[{""code"":""PRQ"",""description"":""There is a prerequisite for the course; see catalog""}]",,25
MAT-315-A,20311,Numerical Analysis,1,TR,12:15 PM - 1:30 PM,WALL B05,Kuchera M,"[{""code"":""PRQ"",""description"":""There is a prerequisite for the course; see catalog""},{""code"":""XLST"",""description"":""Cross-listed; see course description for equivalent course (registration may be changed later if needed).""}]",,25
MAT-331-A,20542,Complex Analysis,1,TR,8:15 AM - 9:30 AM,CHAM 1046,Chavez A,"[{""code"":""PRQ"",""description"":""There is a prerequisite for the course; see catalog""}]",,25
MAT-341-A,20312,Mathematical Statistics,1,TR,9:40 AM - 10:55 AM,CHAM 2234,Yerger C,"[{""code"":""PRQ"",""description"":""There is a prerequisite for the course; see catalog""}]",,25
MAT-361-A,20314,Knot Theory,1,MWF,1:30 PM - 2:20 PM,WATSON 147,Wright A,"[{""code"":""PRQ"",""description"":""There is a prerequisite for the course; see catalog""}]",,25
MAT-395-A,20674,Mathematics of Ranking,1,,,,Chartier T,,,25
MAT-395-B,20675,Advanced Sports Analytics,1,,,,Chartier T,,,25
MAT-395-C,20676,Advanced Basketball Analytics,1,,,,Chartier T,,,25
MAT-395-D,20723,Applied Baseball Analytics II,1,,,,Chartier T,,,25
MAT-395-E,20729,Partial Differential Equations,1,,,,Chartier T,,,25
MAT-395-F,20730,Biomechanical Math Modeling II,1,,,,Chartier T,,,25
MAT-450-A,20315,Advanced Linear Algebra,1,MW,2:30 PM - 3:45 PM,WATSON 147,Zhuang Y,"[{""code"":""PRQ"",""description"":""There is a prerequisite for the course; see catalog""}]",,25
MAT-496-A,20772,Poset Saturation II,1,,,,Blake H,,,25
MAT-496-B,20773,Independent Study,1,,,,Yerger C,,,25
MAT-496-C,20778,Inference for Faulty Computing,1,,,,Wang K,,,25
MAT-496-D,20815,Knot-Theoretic Games,1,,,,Wright A,,,25
MAT-496-E,20844,Thesis: Random Vector norms,1,,,,Chavez A,,,25
MIL-102-A,20316,Intro to Leadership,0,,,PREY 024,Tousignant Z,,,25
MIL-202-A,20317,Found of Tactical Leadership,0,,,PREY 024,Tousignant Z,,,25
MIL-302-A,20318,Leadership in Changing Environ,0,,,PREY 024,Tousignant Z,,,25
MIL-330-A,20319,American Military History,0,,,PREY 024,Tousignant Z,,,25
MIL-402-A,20320,Leadership in Complex World,0,,,PREY 024,Tousignant Z,,,25
MUS-102-A,20322,Contemporary Music Theory,1,MWF,11:30 AM - 12:20 PM,SLOAN 201,Lee J,,,25
MUS-121-A,20596,Music in Western Civilization,1,MWF,9:30 AM - 10:20 AM,SLOAN 201,Botelho M,,,25
MUS-201-A,20326,Harmony,1,MWF,10:30 AM - 11:20 AM,SLOAN B011,Botelho M,,,25
MUS-221-A,20327,Styles-South Asian Hip-Hop,1,TR,3:05 PM - 4:20 PM,WATSON 157,Vanderbeek C,,,25
MUS-222-A,20328,Styles-Bollywood,1,MW,2:30 PM - 3:45 PM,SLOAN B011,Vanderbeek C,,,25
MUS-228-A,20330,Film Music,1,TR,1:40 PM - 2:55 PM,SLOAN B011,Lerner N,"[{""code"":""XLST"",""description"":""Cross-listed; see course description for equivalent course (registration may be changed later if needed).""}]",,25
MUS-245-A,20331,Religious Music of South Asia,1,TR,1:40 PM - 2:55 PM,WATSON 157,Vanderbeek C,,,25
MUS-246-A,20332,Music of Brazil,1,TR,9:40 AM - 10:55 AM,SLOAN 201,Botelho M,"[{""code"":""XLST"",""description"":""Cross-listed; see course description for equivalent course (registration may be changed later if needed).""}]",,25
MUS-295-B,20781,"Organology, The Study of Music",1,,,,Vanderbeek C,,,25
MUS-328-A,20607,Adv Film Music,1,TR,1:40 PM - 2:55 PM,SLOAN B011,Lerner N,"[{""code"":""XLST"",""description"":""Cross-listed; see course description for equivalent course (registration may be changed later if needed).""}]",,25
MUS-346-A,20336,Adv Music of Brazil,1,TR,9:40 AM - 10:55 AM,SLOAN 201,Botelho M,"[{""code"":""XLST"",""description"":""Cross-listed; see course description for equivalent course (registration may be changed later if needed).""}]",,25
MUS-361-A,20339,Adv Studies in Composition,1,TR,12:15 PM - 1:30 PM,SLOAN B020,Lee J,"[{""code"":""PRQ"",""description"":""There is a prerequisite for the course; see catalog""}]",,25
MUS-395-A,20779,Independent Study,1,,,,Lee J,,,25
MUS-396-A,20714,Independent Study,1,,,,Lee J,,,25
PBH-110-A,20341,Introduction to Public Health,1,MWF,10:30 AM - 11:20 AM,CHAM 2084,Butts S,"[{""code"":""123+"",""description"":""First-years, Sophomores & Juniors until first day of class""}]",,25
PBH-120-A,20623,Intro to Clinical Ethics,1,TR,8:15 AM - 9:30 AM,CUNN 109,Lee H,,,25
PBH-250-A,20342,Public Health Methods,1,MWF,2:30 PM - 3:20 PM,WATSON 109,Butts S,"[{""code"":""PRQ"",""description"":""There is a prerequisite for the course; see catalog""}]",,25
PBH-280-A,20343,Introduction to Global Health,1,MW,8:05 AM - 9:20 AM,WATSON 109,Chillag K,,,25
PBH-292-A,20344,Intro to Epidemiology,1,T,8:15 AM - 10:55 AM,CHAM 3198,Snyder N,"[{""code"":""PRQ"",""description"":""There is a prerequisite for the course; see catalog""}]",,25
PBH-309-A,20345,Water and Health,1,MW,2:30 PM - 3:45 PM,WATSON 119,Chillag K,"[{""code"":""234+"",""description"":""Sophomores, Juniors and Seniors only until first day of class""},{""code"":""PRQ"",""description"":""There is a prerequisite for the course; see catalog""}]",,25
PHI-102-A,20346,Reason and Argument,1,TR,8:15 AM - 9:30 AM,CHAM 1027,McKeever S,,,25
PHI-106-A,20347,Early Mod European Philosophy,1,TR,9:40 AM - 10:55 AM,CHAM 3068,Layman D,,,25
PHI-110-A,20348,Problems of Philosophy,1,TR,12:15 PM - 1:30 PM,CHAM 3234,McKeever S,"[{""code"":""123+"",""description"":""First-years, Sophomores & Juniors until first day of class""}]",,25
PHI-150-A,20350,Conceptions of the Self,1,MWF,1:30 PM - 2:20 PM,CHAM 1027,Robb D,,,25
PHI-160-A,20351,Great Philosophers: Plato,1,MWF,11:30 AM - 12:20 PM,CHAM 3068,Studtmann P,,,25
PHI-190-A,20609,PPE Gateway,1,TR,3:05 PM - 4:20 PM,CHAM 2234,Layman D,,,25
PHI-219-A,20352,Freedom and Responsibility,1,MW,2:30 PM - 3:45 PM,CHAM 3155,Griffith M,,,25
PHI-220-A,20353,Political Philosophy,1,TR,1:40 PM - 2:55 PM,CHAM 1003,Layman D,,,25
PHI-225-A,20354,Philosophy of Religion,1,MWF,10:30 AM - 11:20 AM,CHAM 1046,Robb D,,,25
PHI-235-A,20355,Existentialism,1,MWF,12:30 PM - 1:20 PM,CHAM 3106,Griffith M,,,25
PHI-250-A,20356,Buddhism as Philosophy,1,MWF,8:30 AM - 9:20 AM,CHAM 2084,Robb D,,,25
PHI-350-A,20357,Evolution and Morality,1,MWF,9:30 AM - 10:20 AM,CHAM 1015,Studtmann P,,,25
PHI-352-A,20603,"Agency, Respons & Mental",1,MWF,1:30 PM - 2:20 PM,CHAM 1045,Griffith M,,,25
PHI-399-A,20649,Indep Research in Philosophy,1,,,,Studtmann P,,,25
PHI-451-A,20358,Senior Colloq in Philosophy,1,R,1:40 PM - 4:20 PM,CUNN 111,Jankovic M,"[{""code"":""4"",""description"":""Seniors only""}]",,25
PHI-495-A,20654,Senior Thesis,1,,,,Layman D,,,25
PHI-495-B,20655,Senior Thesis,1,,,,Studtmann P,,,25
PHI-495-C,20658,Senior Thesis in Philosophy,1,,,,Griffith M,,,25
PHY-125-A,20359,Gen Physics +Calc I:Studio+Lab,1,MWF,10:30 AM - 12:20 PM,DANA 111,Thompson K,"[{""code"":""PRQ"",""description"":""There is a prerequisite for the course; see catalog""}]",,25
PHY-225-A,20360,General Physics II Studio +Lab,1,MWF,8:30 AM - 10:20 AM,DANA 127,Ruiz S,"[{""code"":""1+"",""description"":""First-years only until first day of class""},{""code"":""PRQ"",""description"":""There is a prerequisite for the course; see catalog""}]",,25
PHY-225-B,20361,General Physics II Studio +Lab,1,MWF,8:30 AM - 10:20 AM,DANA 127,Ruiz S,"[{""code"":""PRQ"",""description"":""There is a prerequisite for the course; see catalog""}]",,25
PHY-235-A,20362,Gen PhysicsII +Calc:Studio+Lab,1,MWF,10:30 AM - 12:20 PM,DANA 127,Boye D,"[{""code"":""1+"",""description"":""First-years only until first day of class""},{""code"":""PRQ"",""description"":""There is a prerequisite for the course; see catalog""}]",,25
PHY-235-B,20363,Gen PhysicsII +Calc:Studio+Lab,1,MWF,10:30 AM - 12:20 PM,DANA 127,Boye D,"[{""code"":""PRQ"",""description"":""There is a prerequisite for the course; see catalog""}]",,25
PHY-235-C,20364,Gen PhysicsII +Calc:Studio+Lab,1,MWF,12:30 PM - 2:20 PM,DANA 127,Yukich J,"[{""code"":""1+"",""description"":""First-years only until first day of class""},{""code"":""PRQ"",""description"":""There is a prerequisite for the course; see catalog""}]",,25
PHY-235-D,20365,Gen PhysicsII +Calc:Studio+Lab,1,MWF,12:30 PM - 2:20 PM,DANA 127,Yukich J,"[{""code"":""PRQ"",""description"":""There is a prerequisite for the course; see catalog""}]",,25
PHY-240-A,20366,Computational Physics,1,TR,1:40 PM - 2:55 PM,WALL B05,Kuchera M,"[{""code"":""PRQ"",""description"":""There is a prerequisite for the course; see catalog""}]",,25
PHY-250-A,20367,Math Methods for Scientists,1,TR,9:40 AM - 10:55 AM,DANA 127,Ruiz S,"[{""code"":""PRQ"",""description"":""There is a prerequisite for the course; see catalog""}]",,25
PHY-335-A,20368,Advanced Laboratory + lab,1,TR,12:15 PM - 2:55 PM,DANA B054,Gfroerer T; Kuchera A,"[{""code"":""LL"",""description"":""Lecture prof listed 1st""},{""code"":""PRQ"",""description"":""There is a prerequisite for the course; see catalog""}]",,25
PHY-350-A,20369,Electricity & Magnetism,1,MWF,9:30 AM - 10:20 AM,WATSON 140,Belloni M,"[{""code"":""PRQ"",""description"":""There is a prerequisite for the course; see catalog""}]",,25
PHY-396-A,20692,Quantum Computing,1,,,,Belloni M,,,25
PHY-396-B,20711,Quantum for Medical Devices,1,,,,Belloni M,,,25
PHY-396-C,20727,Wildcat Motorsports Baja SAE,1,,,,Yukich J,,,25
PHY-396-D,20775,Quantum for Astrophysics,1,,,,Belloni M,,,25
PHY-396-E,20791,Mechanics of Materials,1,,,,Yukich J,,,25
PHY-410-A,20370,Intermediate Astrophysics,1,TR,9:40 AM - 10:55 AM,DANA 111,Thompson K,"[{""code"":""PRQ"",""description"":""There is a prerequisite for the course; see catalog""}]",,25
PHY-496-A,20678,Honors Thesis Prep/Writing,1,,,,Belloni M,,,25
PHY-496-B,20701,Independent Research,1,,,,Kuchera A,,,25
PHY-496-C,20732,Honors Research: Double Wells,1,,,,Belloni M,,,25
PHY-496-D,20774,Independent Research,1,,,,Boye D,,,25
PHY-496-E,20777,Research in Medical Physics,1,,,,Boye D,,,25
PHY-496-F,20792,Physics Independent Study,1,,,,Yukich J,,,25
PHY-496-G,20832,Independent Research,1,,,,Gfroerer T,,,25
POL-140-A,20371,Comparative Politics,1,TR,8:15 AM - 9:30 AM,CHAM 2084,Zhu K,,,25
POL-140-B,20372,Comparative Politics,1,MW,8:05 AM - 9:20 AM,CHAM 1027,Bersch K,,,25
POL-161-A,20373,Intro to Int'l Relations,1,TR,3:05 PM - 4:20 PM,WATSON 147,Ceka B,"[{""code"":""123+"",""description"":""First-years, Sophomores & Juniors until first day of class""}]",,25
POL-180-A,20374,Intro to Policy Analysis,1,MWF,9:30 AM - 10:20 AM,CHAM 1003,Menkhaus K,"[{""code"":""123+"",""description"":""First-years, Sophomores & Juniors until first day of class""}]",,25
POL-182-A,20375,Intro to Research Methods,1,W,2:30 PM - 3:45 PM,WALL B05,Crowder-Meyer M,"[{""code"":""234"",""description"":""Sophomores, Juniors and Seniors only""},{""code"":""XP"",""description"":""Course meets for extra periods""}]",,25
POL-182-B,20376,Intro to Research Methods,1,R,3:05 PM - 4:20 PM,WALL B05,Crowder-Meyer M,"[{""code"":""234"",""description"":""Sophomores, Juniors and Seniors only""},{""code"":""XP"",""description"":""Course meets for extra periods""}]",,25
POL-223-A,20377,The Presidency,1,MWF,10:30 AM - 11:20 AM,CHAM 3155,Roberts S,,,25
POL-290-A,20378,Politics of Africa,1,MWF,12:30 PM - 1:20 PM,CHAM 1006,Menkhaus K,,,25
POL-304-A,20379,Foundations of Liberalism,1,TR,9:40 AM - 10:55 AM,CHAM 3084,Shaw B,,,25
POL-305-A,20380,Education for Leadership,1,TR,12:15 PM - 1:30 PM,CHAM 3068,Ahrensdorf P,,,25
POL-307-A,20381,Lincoln & Crisis of Amer Demo,1,TR,8:15 AM - 9:30 AM,CHAM 2068,Ahrensdorf P,,,25
POL-322-A,20382,Local Env Governance,1,MWF,11:30 AM - 12:20 PM,WATSON 147,O'Geen A; Johnson B,"[{""code"":""XLST"",""description"":""Cross-listed; see course description for equivalent course (registration may be changed later if needed).""}]",,25
POL-325-A,20618,Constitutional Law,1,TR,12:15 PM - 1:30 PM,CHAM HANCE,Lee H,"[{""code"":""234"",""description"":""Sophomores, Juniors and Seniors only""}]",,25
POL-330-A,20383,Campaign Strategy,1,MWF,11:30 AM - 12:20 PM,CHAM 3155,Hogan M,,,25
POL-364-A,20385,International Security,1,TR,8:15 AM - 9:30 AM,CHAM 3106,Toska S,"[{""code"":""PRQ"",""description"":""There is a prerequisite for the course; see catalog""}]",,25
POL-365-A,20386,The IR of the Asia Pacific,1,TR,9:40 AM - 10:55 AM,CHAM 1027,Zhu K,,,25
POL-389-A,20662,Politics of Redistricting,1,,,,Roberts S,,,25
POL-398-A,20387,Global Environmental Politics,1,TR,1:40 PM - 2:55 PM,CHAM 3084,Bullock G,,,25
POL-403-A,20388,Sem: Against Liberal Democracy,1,TR,1:40 PM - 2:55 PM,CHAM 2196,Shaw B,,,25
POL-424-A,20389,Women In US Politics,1,M,1:30 PM - 4:20 PM,VAC 108,Crowder-Meyer M,"[{""code"":""PRQ"",""description"":""There is a prerequisite for the course; see catalog""}]",,25
POL-441-A,20390,Rise of China,1,R,1:40 PM - 4:20 PM,CHAM 2209,Zhu K,,,25
POL-443-A,20391,Political Islam,1,T,1:40 PM - 4:20 PM,CHAM 1096,Toska S,,,25
POL-449-A,20545,Politics and Governance,1,M,1:30 PM - 4:20 PM,CHAM 3234,Bersch K,,,25
POL-485-A,20748,Honors Thesis,1,,,,Bersch K,,,25
POL-488-A,20664,Gender and Political Messaging,1,,,,Crowder-Meyer M,,,25
POL-488-B,20716,"Lincoln, Scruton, and the Ques",1,,,,Ahrensdorf P,,,25
POL-488-E,20821,Advanced Independent Study,1,,,,O'Geen A,,,25
POL-488-F,20846,Honors Thesis: Urban Politics,1,,,,Shaw B,,,25
PSY-101-A,20394,General Psychology,1,MWF,10:30 AM - 11:20 AM,WALL 210,Bond A,,,25
PSY-101-B,20395,General Psychology,1,MWF,3:30 PM - 4:20 PM,WALL 210,Reynolds C,,,25
PSY-195-A,20666,Independent Study in PSY,1,,,,Bagwell C,,,25
PSY-195-B,20746,Development of STEM Beliefs,1,,,,Kumar S,,,25
PSY-195-C,20747,Neuroscience Study and Lab,1,,,,Ramirez J,,,25
PSY-195-D,20750,Neurobiology of Alzheimer's,1,,,,Ramirez J,,,25
PSY-195-E,20753,Independent Study in PSY,1,,,,Ramirez J,,,25
PSY-195-F,20797,Neuroscience of Depression,1,,,,Ramirez J,,,25
PSY-195-G,20798,Neurodegeneration in Alzheimer,1,,,,Ramirez J,,,25
PSY-195-H,20799,Independent Study in PSY,1,,,,Ramirez J,,,25
PSY-200-A,20397,Research Design & Statistics 1,1,MWF,12:30 PM - 1:20 PM,WALL 106,Reynolds C,"[{""code"":""PRQ"",""description"":""There is a prerequisite for the course; see catalog""}]",,25
PSY-200-B,20398,Research Design & Statistics 1,1,MWF,1:30 PM - 2:20 PM,WALL 106,Reynolds C,"[{""code"":""PRQ"",""description"":""There is a prerequisite for the course; see catalog""}]",,25
PSY-220-A,20399,Health Psychology,1,TR,8:15 AM - 9:30 AM,WATSON 119,Stutts L,"[{""code"":""PRQ"",""description"":""There is a prerequisite for the course; see catalog""}]",,25
PSY-231-A,20401,Abnormal Psychology,1,MWF,8:30 AM - 9:20 AM,WALL 320,Sockol L,"[{""code"":""PRQ"",""description"":""There is a prerequisite for the course; see catalog""}]",,25
PSY-234-A,20402,Child Psychopathology,1,TR,8:15 AM - 9:30 AM,WALL 320,Bagwell C,"[{""code"":""PRQ"",""description"":""There is a prerequisite for the course; see catalog""}]",,25
PSY-242-0,20568,Educational Psychology,1,MWF,3:30 PM - 4:20 PM,WATSON 109,Kumar S,"[{""code"":""PRQ"",""description"":""There is a prerequisite for the course; see catalog""}]",,25
PSY-254-A,20403,Industrial/Organizational Psy,1,TR,9:40 AM - 10:55 AM,WALL 243,Ng L,"[{""code"":""PRQ"",""description"":""There is a prerequisite for the course; see catalog""}]",,25
PSY-282-A,20404,Learning,1,TR,1:40 PM - 2:55 PM,WALL 243,Ramirez J,"[{""code"":""PRQ"",""description"":""There is a prerequisite for the course; see catalog""}]",,25
PSY-292-A,20405,Collective Memory,1,TR,9:40 AM - 10:55 AM,WALL 210,Multhaup K,,,25
PSY-300-A,20406,Research Design & Statistics 2,1,MWF,10:30 AM - 11:20 AM,WALL 106,Kumar S,"[{""code"":""PRQ"",""description"":""There is a prerequisite for the course; see catalog""}]",,25
PSY-300-B,20407,Research Design & Statistics 2,1,MWF,12:30 PM - 1:20 PM,WALL 243,Kumar S,"[{""code"":""PRQ"",""description"":""There is a prerequisite for the course; see catalog""}]",,25
PSY-301-A,20408,Psy Res:Perception & Attention,1,T,1:40 PM - 4:20 PM,WALL 307,Bond A,"[{""code"":""4"",""description"":""Seniors only""},{""code"":""PRQ"",""description"":""There is a prerequisite for the course; see catalog""}]",,25
PSY-301-B,20588,Psy Res:Perception & Attention,1,T,1:40 PM - 4:20 PM,WALL 307,Bond A,"[{""code"":""23"",""description"":""Sophomores and Juniors only""},{""code"":""PRQ"",""description"":""There is a prerequisite for the course; see catalog""}]",,25
PSY-312-A,20409,Psy Res: Data Visualization,1,TR,8:15 AM - 9:30 AM,CHAM 1096,Smith M,"[{""code"":""4"",""description"":""Seniors only""},{""code"":""PRQ"",""description"":""There is a prerequisite for the course; see catalog""}]",,25
PSY-312-B,20589,Psy Res: Data Visualization,1,TR,8:15 AM - 9:30 AM,CHAM 1096,Smith M,"[{""code"":""23"",""description"":""Sophomores and Juniors only""},{""code"":""PRQ"",""description"":""There is a prerequisite for the course; see catalog""}]",,25
PSY-316-A,20410,Psy Res: Indus/Organiza Psy,1,F,8:30 AM - 10:20 AM,WALL 380,Ng L,"[{""code"":""4"",""description"":""Seniors only""},{""code"":""PRQ"",""description"":""There is a prerequisite for the course; see catalog""}]",,25
PSY-316-B,20411,Psy Res: Indus/Organiza Psy,1,F,8:30 AM - 10:20 AM,WALL 380,Ng L,"[{""code"":""23"",""description"":""Sophomores and Juniors only""},{""code"":""PRQ"",""description"":""There is a prerequisite for the course; see catalog""}]",,25
PSY-316-C,20591,Psy Res: Indus/Organiza Psy,1,F,10:30 AM - 12:20 PM,WALL 380,Ng L,"[{""code"":""4"",""description"":""Seniors only""},{""code"":""PRQ"",""description"":""There is a prerequisite for the course; see catalog""}]",,25
PSY-316-D,20592,Psy Res: Indus/Organiza Psy,1,F,10:30 AM - 12:20 PM,WALL 380,Ng L,"[{""code"":""23"",""description"":""Sophomores and Juniors only""},{""code"":""PRQ"",""description"":""There is a prerequisite for the course; see catalog""}]",,25
PSY-318-A,20412,Psy Research: Social Psy,1,W,8:30 AM - 10:20 AM,WALL 228,Good J,"[{""code"":""4"",""description"":""Seniors only""},{""code"":""PRQ"",""description"":""There is a prerequisite for the course; see catalog""}]",,25
PSY-318-B,20413,Psy Research: Social Psy,1,W,8:30 AM - 10:20 AM,WALL 228,Good J,"[{""code"":""23"",""description"":""Sophomores and Juniors only""},{""code"":""PRQ"",""description"":""There is a prerequisite for the course; see catalog""}]",,25
PSY-318-C,20593,Psy Research: Social Psy,1,W,10:30 AM - 12:20 PM,WALL 228,Good J,"[{""code"":""4"",""description"":""Seniors only""},{""code"":""PRQ"",""description"":""There is a prerequisite for the course; see catalog""}]",,25
PSY-318-D,20594,Psy Research: Social Psy,1,W,10:30 AM - 12:20 PM,WALL 228,Good J,"[{""code"":""23"",""description"":""Sophomores and Juniors only""},{""code"":""PRQ"",""description"":""There is a prerequisite for the course; see catalog""}]",,25
PSY-324-A,20414,Functional Neuroanatomy,1,W,1:30 PM - 4:20 PM,WALL 307,Ramirez J,"[{""code"":""PRQ"",""description"":""There is a prerequisite for the course; see catalog""},{""code"":""XLST"",""description"":""Cross-listed; see course description for equivalent course (registration may be changed later if needed).""}]",,25
PSY-330-A,20751,"Music, Nostalgia, and Memory",1,,,,Bond A,,,25
PSY-351-A,20627,Adv Sem:Gender&Psychopathology,1,TR,8:15 AM - 9:30 AM,WALL 243,Sockol L,"[{""code"":""4"",""description"":""Seniors only""},{""code"":""PRQ"",""description"":""There is a prerequisite for the course; see catalog""}]",,25
PSY-351-B,20590,Adv Sem:Gender&Psychopathology,1,TR,8:15 AM - 9:30 AM,WALL 243,Sockol L,"[{""code"":""23"",""description"":""Sophomores and Juniors only""},{""code"":""PRQ"",""description"":""There is a prerequisite for the course; see catalog""}]",,25
PSY-354-A,20416,Adv Sem: Med Rehab Disability,1,TR,9:40 AM - 10:55 AM,WATSON 109,Stutts L,"[{""code"":""234+"",""description"":""Sophomores, Juniors and Seniors only until first day of class""},{""code"":""PRQ"",""description"":""There is a prerequisite for the course; see catalog""}]",,25
PSY-365-A,20418,Adv Sem:Clinical Neuropsych,1,M,1:30 PM - 4:20 PM,WALL 307,Icard P,"[{""code"":""4"",""description"":""Seniors only""},{""code"":""PRQ"",""description"":""There is a prerequisite for the course; see catalog""}]",,25
PSY-365-B,20595,Adv Sem: Clinical Neuropsych,1,M,1:30 PM - 4:40 PM,WALL 307,Icard P,"[{""code"":""23"",""description"":""Sophomores and Juniors only""},{""code"":""PRQ"",""description"":""There is a prerequisite for the course; see catalog""}]",,25
PSY-400-A,20647,Senior Thesis,1,,,,Good J,,,25
PSY-400-B,20700,Senior Thesis,1,,,,Bond A,,,25
PSY-400-C,20733,Senior Thesis,1,,,,Sockol L,,,25
PSY-400-D,20734,Senior Thesis,1,,,,Ng L,,,25
PSY-400-E,20735,Senior Thesis,1,,,,Multhaup K,,,25
PSY-401-A,20419,Issues in Psychology,1,TR,9:40 AM - 10:55 AM,WALL 307,Boyd M,"[{""code"":""4"",""description"":""Seniors only""},{""code"":""PRM"",""description"":""Permission of instructor required""},{""code"":""PRQ"",""description"":""There is a prerequisite for the course; see catalog""}]",,25
PSY-401-B,20420,Issues in Psychology,1,TR,12:15 PM - 1:30 PM,WALL 307,Boyd M,"[{""code"":""4"",""description"":""Seniors only""},{""code"":""PRM"",""description"":""Permission of instructor required""},{""code"":""PRQ"",""description"":""There is a prerequisite for the course; see catalog""}]",,25
PSY-401-C,20421,Issues in Psychology,1,TR,1:40 PM - 2:55 PM,WATSON 119,Multhaup K,"[{""code"":""4"",""description"":""Seniors only""},{""code"":""PRM"",""description"":""Permission of instructor required""},{""code"":""PRQ"",""description"":""There is a prerequisite for the course; see catalog""}]",,25
REL-165-A,20422,Islam in America,1,MW,8:05 AM - 9:20 AM,EU 101,Zamir R,,,25
REL-167-A,20608,Religion and Philanthropy,1,TR,12:15 PM - 1:30 PM,CHAM 3106,Patel V,,,25
REL-250-A,20423,Themes in Theology& Ethics:God,1,MWF,12:30 PM - 1:20 PM,CHAM 1046,Ottati D,,,25
REL-251-A,20424,Moral Reflection Perilous Wrld,1,TR,1:40 PM - 2:55 PM,SLOAN 100,Swenson-Lengyel W,,,25
REL-254-A,20425,Religion & Economics,1,MWF,9:30 AM - 10:20 AM,CHAM 3068,Ottati D,,,25
REL-268-A,20427,Hindu Gods and Goddesses,1,TR,3:05 PM - 4:20 PM,CHAM 1045,Patel V,,,25
REL-271-A,20428,Buddhism,1,MWF,1:30 PM - 2:20 PM,CHAM 1006,Pang R,,,25
REL-301-A,20429,What is religion good for?,1,MW,2:30 PM - 3:45 PM,CHAM 2209,Snyder G,,,25
REL-395-A,20661,Evangelical Women in America,1,,,,Wills A,,,25
REL-459-A,20430,#Spiritual-But-Not-Religious,1,T,8:15 AM - 10:55 AM,VAC 108,Zamir R,,,25
REL-498-A,20758,Honors Thesis,1,,,,Swenson-Lengyel W,,,25
RUS-102-A,20431,Elementary Russian II,1,MWF,10:30 AM - 11:20 AM,CHAM 3209,Moskvitina L,"[{""code"":""PRQ"",""description"":""There is a prerequisite for the course; see catalog""},{""code"":""XP"",""description"":""Course meets for extra periods""}]",,25
RUS-202-A,20432,Intermediate Russian II,1,MWF,11:30 AM - 12:20 PM,CHAM 3209,Moskvitina L,"[{""code"":""PRQ"",""description"":""There is a prerequisite for the course; see catalog""},{""code"":""XP"",""description"":""Course meets for extra periods""}]",,25
RUS-280-A,20433,Russia & the West,1,MWF,8:30 AM - 9:20 AM,CHAM 3187,Ewington A,"[{""code"":""IN-ENGL"",""description"":""In English""}]",,25
RUS-317-A,20434, Russian Mass Media,1,MWF,9:30 AM - 10:20 AM,CHAM 3209,Moskvitina L,"[{""code"":""PRQ"",""description"":""There is a prerequisite for the course; see catalog""},{""code"":""XLST"",""description"":""Cross-listed; see course description for equivalent course (registration may be changed later if needed).""},{""code"":""XP"",""description"":""Course meets for extra periods""}]",,25
RUS-417-A,20435, Adv: Russian Mass Media,1,MWF,9:30 AM - 10:20 AM,CHAM 3209,Moskvitina L,"[{""code"":""PRQ"",""description"":""There is a prerequisite for the course; see catalog""},{""code"":""XLST"",""description"":""Cross-listed; see course description for equivalent course (registration may be changed later if needed).""},{""code"":""XP"",""description"":""Course meets for extra periods""}]",,25
RUS-420-A,20577,War & Peace: Tolstoy,1,T,1:40 PM - 4:20 PM,CHAM 2209,Ewington A,"[{""code"":""234+"",""description"":""Sophomores, Juniors and Seniors only until first day of class""},{""code"":""IN-ENGL"",""description"":""In English""}]",,25
SIL-111-A,20436,Beginning Dutch,1,,,,Jimenez A,"[{""code"":""234"",""description"":""Sophomores, Juniors and Seniors only""},{""code"":""PRM"",""description"":""Permission of instructor required""}]",,25
SIL-115-A,20437,Beginning Italian,1,,,,Jimenez A,"[{""code"":""234"",""description"":""Sophomores, Juniors and Seniors only""},{""code"":""PRM"",""description"":""Permission of instructor required""}]",,25
SIL-116-A,20438,Continuing Italian,1,,,,Jimenez A,"[{""code"":""234"",""description"":""Sophomores, Juniors and Seniors only""},{""code"":""PRM"",""description"":""Permission of instructor required""}]",,25
SIL-117-A,20439,Intermediate Italian,1,,,,Jimenez A,"[{""code"":""234"",""description"":""Sophomores, Juniors and Seniors only""},{""code"":""PRM"",""description"":""Permission of instructor required""}]",,25
SIL-120-A,20440,Beginning American Sign Lang,1,,,,Jimenez A,"[{""code"":""234"",""description"":""Sophomores, Juniors and Seniors only""},{""code"":""PRM"",""description"":""Permission of instructor required""}]",,25
SIL-121-A,20441,Continuing Amer Sign Lang,1,,,,Jimenez A,"[{""code"":""234"",""description"":""Sophomores, Juniors and Seniors only""},{""code"":""PRM"",""description"":""Permission of instructor required""}]",,25
SIL-125-A,20442,Beginning Korean,1,,,,Jimenez A,"[{""code"":""234"",""description"":""Sophomores, Juniors and Seniors only""},{""code"":""PRM"",""description"":""Permission of instructor required""}]",,25
SIL-126-A,20443,Continuing Korean,1,,,,Jimenez A,"[{""code"":""234"",""description"":""Sophomores, Juniors and Seniors only""},{""code"":""PRM"",""description"":""Permission of instructor required""}]",,25
SIL-131-A,20444,Beginning Modern Greek,1,,,,Jimenez A,"[{""code"":""234"",""description"":""Sophomores, Juniors and Seniors only""},{""code"":""PRM"",""description"":""Permission of instructor required""}]",,25
SIL-132-A,20445,Continuing Modern Greek,1,,,,Jimenez A,"[{""code"":""234"",""description"":""Sophomores, Juniors and Seniors only""},{""code"":""PRM"",""description"":""Permission of instructor required""}]",,25
SIL-134-A,20446,Beginning Vietnamese,1,,,,Jimenez A,"[{""code"":""234"",""description"":""Sophomores, Juniors and Seniors only""},{""code"":""PRM"",""description"":""Permission of instructor required""}]",,25
SIL-141-A,20447,Beginning Portuguese,1,,,,Jimenez A,"[{""code"":""234"",""description"":""Sophomores, Juniors and Seniors only""},{""code"":""PRM"",""description"":""Permission of instructor required""}]",,25
SIL-142-A,20448,Continuing Portuguese,1,,,,Jimenez A,"[{""code"":""234"",""description"":""Sophomores, Juniors and Seniors only""},{""code"":""PRM"",""description"":""Permission of instructor required""}]",,25
SIL-143-A,20449,Intermediate Portuguese,1,,,,Jimenez A,"[{""code"":""234"",""description"":""Sophomores, Juniors and Seniors only""},{""code"":""PRM"",""description"":""Permission of instructor required""}]",,25
SIL-171-A,20450,Beginning Hindi,1,,,,Jimenez A,"[{""code"":""234"",""description"":""Sophomores, Juniors and Seniors only""},{""code"":""PRM"",""description"":""Permission of instructor required""}]",,25
SIL-185-A,20451,Beginning Japanese,1,,,,Jimenez A,"[{""code"":""234"",""description"":""Sophomores, Juniors and Seniors only""},{""code"":""PRM"",""description"":""Permission of instructor required""}]",,25
SIL-186-A,20452,Continuing Japanese,1,,,,Jimenez A,"[{""code"":""234"",""description"":""Sophomores, Juniors and Seniors only""},{""code"":""PRM"",""description"":""Permission of instructor required""}]",,25
SIL-187-A,20453,Intermediate Japanese,1,,,,Jimenez A,"[{""code"":""234"",""description"":""Sophomores, Juniors and Seniors only""},{""code"":""PRM"",""description"":""Permission of instructor required""}]",,25
SOC-101-A,20454,Introductory Sociology,1,TR,8:15 AM - 9:30 AM,DANA 146,Jung C,"[{""code"":""123"",""description"":""First-years, Sophomores and Juniors only""}]",,25
SOC-120-A,20455,Society of Strangers,1,MWF,10:30 AM - 11:20 AM,WATSON 140,Marti G,,,25
SOC-201-A,20456,Social Statistics,1,MWF,9:30 AM - 10:20 AM,WATSON 247,Brenner-Levoy J,,,25
SOC-205-A,20457,Racial and Ethnic Relations,1,MWF,11:30 AM - 12:20 PM,WATSON 140,Marti G,,,25
SOC-236-A,20458,Sociology of Disability,1,MWF,8:30 AM - 9:20 AM,CHAM 3068,Seide K,,,25
SOC-240-A,20459,Social Movements,1,TR,12:15 PM - 1:30 PM,CHAM 2084,Jung C,,,25
SOC-265-A,20460,Demography,1,TR,9:40 AM - 10:55 AM,WATSON 140,Kaufman G,,,25
SOC-370-A,20461,Major Sociological Theorists,1,MWF,8:30 AM - 9:20 AM,CHAM 1096,Brenner-Levoy J,,,25
SOC-382-A,20462,Men and Masculinities,1,W,1:30 PM - 4:20 PM,WATSON 310,Brenner-Levoy J,"[{""code"":""234"",""description"":""Sophomores, Juniors and Seniors only""}]",,25
SOC-391-A,20463,Survey Research Methods,1,TR,1:40 PM - 2:55 PM,CHAM 2084,Jung C,,,25
SOC-395-A,20648,Lived (Dis)ability,1,,,,Seide K,,,25
SOC-416-A,20464,Invstg Hidden Curriculum,1,M,1:30 PM - 4:20 PM,CHAM 3068,Seide K,,,25
SOC-495-A,20646,Indep Research in Sociology,1,,,,Kaufman G,,,25
SOC-495-B,20652,Independent Senior Thesis,1,,,,Seide K,,,25
SOC-495-C,20653,Independent Senior Thesis,1,,,,Brenner-Levoy J,,,25
SOC-495-D,20708,Honors Thesis:Caste & Marriage,1,,,,Kaufman G,,,25
SOU-101-A,20465,Intro to South Asian Studies,1,TR,9:40 AM - 10:55 AM,CHAM 1006,Gouri Suresh S,,,25
SPA-101-B,20573,Elementary Spanish I,1,MWF,8:30 AM - 9:20 AM,CHAM 3209,Esparragoza R,"[{""code"":""AT-II"",""description"":""Students must attend two weekly AT sessions, meeting times TBD""}]",,25
SPA-102-A,20467,Elementary Spanish II,1,MWF,8:30 AM - 9:20 AM,CHAM 3198,Santamaria L,"[{""code"":""PRQ"",""description"":""There is a prerequisite for the course; see catalog""},{""code"":""AT-II"",""description"":""Students must attend two weekly AT sessions, meeting times TBD""}]",,25
SPA-102-B,20468,Elementary Spanish II,1,MWF,9:30 AM - 10:20 AM,CHAM 3198,Esparragoza R,"[{""code"":""PRQ"",""description"":""There is a prerequisite for the course; see catalog""},{""code"":""AT-II"",""description"":""Students must attend two weekly AT sessions, meeting times TBD""}]",,25
SPA-102-C,20469,Elementary Spanish II,1,MWF,11:30 AM - 12:20 PM,CHAM 3198,Santamaria L,"[{""code"":""PRQ"",""description"":""There is a prerequisite for the course; see catalog""},{""code"":""AT-II"",""description"":""Students must attend two weekly AT sessions, meeting times TBD""}]",,25
SPA-102-D,20622,Elementary Spanish II,1,MWF,12:30 PM - 1:20 PM,CHAM 1027,Esparragoza R,"[{""code"":""PRQ"",""description"":""There is a prerequisite for the course; see catalog""},{""code"":""AT-II"",""description"":""Students must attend two weekly AT sessions, meeting times TBD""}]",,25
SPA-102-E,20574,Elementary Spanish II,1,MWF,10:30 AM - 11:20 AM,CHAM 2187,Santamaria L,"[{""code"":""PRQ"",""description"":""There is a prerequisite for the course; see catalog""},{""code"":""AT-II"",""description"":""Students must attend two weekly AT sessions, meeting times TBD""}]",,25
SPA-201-A,20471,Intermediate Spanish,1,MWF,8:30 AM - 9:20 AM,CHAM 2198,Paredes Chanca M,"[{""code"":""PRQ"",""description"":""There is a prerequisite for the course; see catalog""},{""code"":""AT-II"",""description"":""Students must attend two weekly AT sessions, meeting times TBD""}]",,25
SPA-201-B,20472,Intermediate Spanish,1,MWF,10:30 AM - 11:20 AM,CHAM 2198,Paredes Chanca M,"[{""code"":""PRQ"",""description"":""There is a prerequisite for the course; see catalog""},{""code"":""AT-II"",""description"":""Students must attend two weekly AT sessions, meeting times TBD""}]",,25
SPA-201-C,20473,Intermediate Spanish,1,MWF,1:30 PM - 2:20 PM,CHAM 2198,Geyer C,"[{""code"":""PRQ"",""description"":""There is a prerequisite for the course; see catalog""},{""code"":""AT-II"",""description"":""Students must attend two weekly AT sessions, meeting times TBD""}]",,25
SPA-201-D,20474,Intermediate Spanish,1,MWF,2:30 PM - 3:20 PM,CHAM 2198,Geyer C,"[{""code"":""PRQ"",""description"":""There is a prerequisite for the course; see catalog""},{""code"":""AT-II"",""description"":""Students must attend two weekly AT sessions, meeting times TBD""}]",,25
SPA-201-E,20575,Intermediate Spanish,1,MWF,11:30 AM - 12:20 PM,CHAM HANCE,Boyer P,"[{""code"":""PRQ"",""description"":""There is a prerequisite for the course; see catalog""},{""code"":""AT-II"",""description"":""Students must attend two weekly AT sessions, meeting times TBD""}]",,25
SPA-219-A,20840,Research Methods in Linguistic,1,,,,Jimenez A,,,25
SPA-260-A,20475,Conversation & Composition,1,MWF,12:30 PM - 1:20 PM,CHAM 3234,Jimenez A,"[{""code"":""PRQ"",""description"":""There is a prerequisite for the course; see catalog""},{""code"":""AT"",""description"":""Students must attend one weekly AT session, meeting times TBD""}]",,25
SPA-260-C,20477,Conversation & Composition,1,TR,1:40 PM - 2:55 PM,CHAM 3187,Maiz-Pena M,"[{""code"":""PRQ"",""description"":""There is a prerequisite for the course; see catalog""},{""code"":""AT"",""description"":""Students must attend one weekly AT session, meeting times TBD""}]",,25
SPA-265-A,20478,Spanish for the Professions,1,MWF,11:30 AM - 12:20 PM,CHAM 3234,Paredes Chanca M,"[{""code"":""PRQ"",""description"":""There is a prerequisite for the course; see catalog""}]",,25
SPA-271-A,20479,Hispanic Humanities I,1,TR,1:40 PM - 2:55 PM,CHAM 2198,Willis A,"[{""code"":""PRQ"",""description"":""There is a prerequisite for the course; see catalog""}]",,25
SPA-272-A,20480,Hispanic Humanities II,1,TR,9:40 AM - 10:55 AM,CHAM 3187,Pena L,"[{""code"":""PRQ"",""description"":""There is a prerequisite for the course; see catalog""}]",,25
SPA-272-B,20481,Hispanic Humanities II,1,TR,12:15 PM - 1:30 PM,CHAM 3198,Pena L,"[{""code"":""PRQ"",""description"":""There is a prerequisite for the course; see catalog""}]",,25
SPA-307-A,20482,The Bilingual Mind,1,MWF,9:30 AM - 10:20 AM,CHAM 2187,Jimenez A,"[{""code"":""PRQ"",""description"":""There is a prerequisite for the course; see catalog""}]",,25
SPA-324-A,20483,Emotionl Comm Medievel Iberia,1,TR,8:15 AM - 9:30 AM,CHAM 3209,Sanchez-Sanchez S,"[{""code"":""PRQ"",""description"":""There is a prerequisite for the course; see catalog""}]",,25
SPA-329-A,20782,IS: Spa Lit Prior to 1700,1,,,,Sanchez-Sanchez S,,,25
SPA-348-A,20544,Cultural Politics of Flamenco,1,TR,9:40 AM - 10:55 AM,CHAM 3209,Sanchez-Sanchez S,"[{""code"":""PRQ"",""description"":""There is a prerequisite for the course; see catalog""}]",,25
SPA-352-A,20485,Contemp Latin American Cinema,1,TR,1:40 PM - 2:55 PM,CHAM 3198,Pena L,"[{""code"":""PRQ"",""description"":""There is a prerequisite for the course; see catalog""}]",,25
SPA-376-A,20543, Latinx Border Crossings,1,MWF,11:30 AM - 12:20 PM,CHAM 1027,Geyer C,"[{""code"":""PRQ"",""description"":""There is a prerequisite for the course; see catalog""}]",,25
SPA-384-A,20486,Special Topics (post-1800),1,TR,12:15 PM - 1:30 PM,CHAM 3187,Maiz-Pena M,"[{""code"":""PRQ"",""description"":""There is a prerequisite for the course; see catalog""}]",,25
SPA-409-A,20487,Race&Empire in Hisp Atlantic  ,1,TR,3:05 PM - 4:20 PM,CHAM B027,Boyer P,"[{""code"":""PRQ"",""description"":""There is a prerequisite for the course; see catalog""}]",,25
SPA-422-A,20488,Puerto Rico: Arts & Resistance,1,MW,2:30 PM - 3:45 PM,CHAM 3198,Willis A,"[{""code"":""34+"",""description"":""Juniors and Seniors only until the first day of class""},{""code"":""PRQ"",""description"":""There is a prerequisite for the course; see catalog""}]",,25
SPA-499-A,20671,"Sr Honors, Tutorial & Thesis",1,,,,Sanchez-Sanchez S,,,25
THE-200-A,20495,Production Technology,1,TR,9:40 AM - 10:55 AM,CUNN 132,Akard A,,,25
THE-210-A,20496,Leadrshp&Mgt in Arts,1,MWF,2:30 PM - 3:20 PM,CUNN 109,Henderson K,"[{""code"":""XLST"",""description"":""Cross-listed; see course description for equivalent course (registration may be changed later if needed).""}]",,25
THE-232-A,20497,Scene Painting,1,F,10:30 AM - 1:20 PM,CUNN 130,Tripathi A,,,25
THE-245-A,20498,Acting I,1,TR,8:55 AM - 10:55 AM,CUNN 100,Webb J,,,25
THE-245-B,20499,Acting I,1,TR,2:30 PM - 4:20 PM,CUNN 100,Halliday S,,,25
THE-310-A,20500,Adv Leadrshp&Mgt in Arts,1,MWF,2:30 PM - 3:20 PM,CUNN 109,Henderson K,"[{""code"":""XLST"",""description"":""Cross-listed; see course description for equivalent course (registration may be changed later if needed).""}]",,25
THE-345-A,20501,Acting II,1,MW,12:30 PM - 2:20 PM,CUNN 100,Costa A,"[{""code"":""PRQ"",""description"":""There is a prerequisite for the course; see catalog""}]",,25
THE-372-A,20502,August Wilson's Ten-Play Cycle,1,TR,12:15 PM - 1:30 PM,CHAM 1027,Webb J,,,25
THE-397-A,20843,Technical Direction,1,,,,Akard A,,,25
THE-410-A,20503,Advanced Theatre Making,1,MW,9:30 AM - 11:20 AM,CUNN 132,Costa A; Tripathi A,"[{""code"":""PRQ"",""description"":""There is a prerequisite for the course; see catalog""}]",,25
THE-498-A,20829,Honors Thesis,1,,,,Webb J,,,25
WRI-101-A,20518,Writing with Gandhi,1,MWF,8:30 AM - 9:20 AM,CHAM 3196,Patel V,"[{""code"":""1"",""description"":""First-years only""},{""code"":""W"",""description"":""WRI courses are not available to students in Humanities or who have already met the composition requirement""}]",,25
WRI-101-B,20519,Death,1,MWF,9:30 AM - 10:20 AM,CHAM 2234,Blum J,"[{""code"":""1"",""description"":""First-years only""},{""code"":""W"",""description"":""WRI courses are not available to students in Humanities or who have already met the composition requirement""}]",,25
WRI-101-C,20520,#MeToo,1,TR,9:40 AM - 10:55 AM,CHAM 2209,Horowitz K,"[{""code"":""1"",""description"":""First-years only""},{""code"":""W"",""description"":""WRI courses are not available to students in Humanities or who have already met the composition requirement""}]",,25
WRI-101-CC,20617,Politics of Love,1,MW,8:05 AM - 9:20 AM,CHAM 2196,Gasparowicz N,"[{""code"":""1"",""description"":""First-years only""},{""code"":""W"",""description"":""WRI courses are not available to students in Humanities or who have already met the composition requirement""}]",,25
WRI-101-E,20522,Here and There: Writing Place,1,MWF,10:30 AM - 11:20 AM,CHAM 1096,Norris M,"[{""code"":""1"",""description"":""First-years only""},{""code"":""W"",""description"":""WRI courses are not available to students in Humanities or who have already met the composition requirement""}]",,25
WRI-101-G,20524,Bathing and Culture,1,MWF,11:30 AM - 12:20 PM,CHAM B027,Smith A,"[{""code"":""1"",""description"":""First-years only""},{""code"":""W"",""description"":""WRI courses are not available to students in Humanities or who have already met the composition requirement""}]",,25
WRI-101-H,20525,Are Prisons Obsolete?,1,TR,12:15 PM - 1:30 PM,CHAM 1086,Vincent H,"[{""code"":""1"",""description"":""First-years only""},{""code"":""W"",""description"":""WRI courses are not available to students in Humanities or who have already met the composition requirement""}]",,25
WRI-101-I,20526,Claiming Disability,1,TR,12:15 PM - 1:30 PM,WATSON 109,Fox A,"[{""code"":""1"",""description"":""First-years only""},{""code"":""W"",""description"":""WRI courses are not available to students in Humanities or who have already met the composition requirement""}]",,25
WRI-101-J,20527,Dark Academia,1,MWF,12:30 PM - 1:20 PM,CHAM 3196,Lee T,"[{""code"":""1"",""description"":""First-years only""},{""code"":""W"",""description"":""WRI courses are not available to students in Humanities or who have already met the composition requirement""}]",,25
WRI-101-K,20528,Death,1,MWF,10:30 AM - 11:20 AM,CHAM 2234,Blum J,"[{""code"":""1"",""description"":""First-years only""},{""code"":""W"",""description"":""WRI courses are not available to students in Humanities or who have already met the composition requirement""}]",,25
WRI-101-M,20530,"Mindfulness, Yoga and Qi",1,MWF,2:30 PM - 3:20 PM,CHAM 2187,Pang R,"[{""code"":""1"",""description"":""First-years only""},{""code"":""W"",""description"":""WRI courses are not available to students in Humanities or who have already met the composition requirement""}]",,25
WRI-101-O,20532,Facebook Friends,1,MW,2:30 PM - 3:45 PM,CHAM HANCE,Heggestad J,"[{""code"":""1"",""description"":""First-years only""},{""code"":""W"",""description"":""WRI courses are not available to students in Humanities or who have already met the composition requirement""}]",,25
WRI-101-P,20531,"Nuclear Sci, Tech, & Policy",1,MWF,2:30 PM - 3:20 PM,DANA 153,Kuchera A,"[{""code"":""1"",""description"":""First-years only""},{""code"":""W"",""description"":""WRI courses are not available to students in Humanities or who have already met the composition requirement""}]",,25
WRI-202-A,20559,Navigating Academic Genre,1,TR,12:15 PM - 1:30 PM,CHAM 1045,He F,,,25
WRI-302-A,20533,God and Evolution,1,MWF,12:30 PM - 1:20 PM,CHAM 2198,Blum J,,,25
XPL-199-A,20534,High Impact Experiential Lrnin,1,F,1:30 PM - 4:20 PM,CHAM 2234,Riemer S,"[{""code"":""PRM"",""description"":""Permission of instructor required""},{""code"":""NA"",""description"":""Auditors Not Permitted""}]",,25
